timestamp,timestamp,ops,success_rate,duration,cpu,memory,receive,transmit
2025-05-28T12:35:07,6466,4,100.0,5350000,3.44,29163520,1566278713,2349045022
2025-05-28T12:35:08,6466,4,100.0,5350000,3.44,29163520,1566278713,2349045022
2025-05-28T12:35:09,6466,4,100.0,5350000,3.44,29163520,1566278713,2349045022
2025-05-28T12:35:10,6466,4,100.0,5350000,3.44,29163520,1566278713,2349045022
2025-05-28T12:35:11,6466,4,100.0,5350000,3.44,29163520,1566278713,2349045022
2025-05-28T12:35:12,6466,4,100.0,5350000,3.44,29163520,1566278713,2349045022
2025-05-28T12:35:13,6466,4,100.0,5350000,3.44,29163520,1566278713,2349045022
2025-05-28T12:35:14,6466,4,100.0,5350000,3.44,29163520,1566278713,2349045022
2025-05-28T12:35:15,6466,4,100.0,5350000,3.44,29163520,1566278713,2349045022
2025-05-28T12:35:16,6466,4,100.0,5350000,3.44,29163520,1566278713,2349045022
2025-05-28T12:35:17,6481,4,100.0,5350000,3.45,29163520,1569855310,2354437860
2025-05-28T12:35:18,6481,4,100.0,5350000,3.45,29163520,1569855310,2354437860
2025-05-28T12:35:19,6481,4,100.0,5350000,3.45,29163520,1569855310,2354437860
2025-05-28T12:35:20,6481,4,100.0,5350000,3.45,29163520,1569855310,2354437860
2025-05-28T12:35:21,6481,4,100.0,5350000,3.45,29163520,1569855310,2354437860
2025-05-28T12:35:22,6481,4,100.0,5350000,3.45,29163520,1569855310,2354437860
2025-05-28T12:35:23,6481,4,100.0,5350000,3.45,29163520,1569855310,2354437860
2025-05-28T12:35:24,6481,4,100.0,5350000,3.45,29163520,1569855310,2354437860
2025-05-28T12:35:25,6481,4,100.0,5350000,3.45,29163520,1569855310,2354437860
2025-05-28T12:35:26,6481,4,100.0,5350000,3.45,29163520,1569855310,2354437860
2025-05-28T12:35:27,6481,4,100.0,5350000,3.45,29163520,1569855310,2354437860
2025-05-28T12:35:28,6481,4,100.0,5350000,3.45,29163520,1569855310,2354437860
2025-05-28T12:35:29,6481,4,100.0,5350000,3.45,29163520,1569855310,2354437860
2025-05-28T12:35:30,6481,4,100.0,5350000,3.45,29163520,1569855310,2354437860
2025-05-28T12:35:31,6481,4,100.0,5350000,3.45,29163520,1569855310,2354437860
2025-05-28T12:35:32,6496,4,100.0,5350000,3.45,29163520,1573521894,2359921311
2025-05-28T12:35:33,6496,4,100.0,5350000,3.45,29163520,1573521894,2359921311
2025-05-28T12:35:34,6496,4,100.0,5350000,3.45,29163520,1573521894,2359921311
2025-05-28T12:35:35,6496,4,100.0,5350000,3.45,29163520,1573521894,2359921311
2025-05-28T12:35:36,6496,4,100.0,5350000,3.45,29163520,1573521894,2359921311
2025-05-28T12:35:37,6496,4,100.0,5350000,3.45,29163520,1573521894,2359921311
2025-05-28T12:35:38,6496,4,100.0,5350000,3.45,29163520,1573521894,2359921311
2025-05-28T12:35:39,6496,4,100.0,5350000,3.45,29163520,1573521894,2359921311
2025-05-28T12:35:40,6496,4,100.0,5350000,3.45,29163520,1573521894,2359921311
2025-05-28T12:35:41,6496,4,100.0,5350000,3.45,29163520,1573521894,2359921311
2025-05-28T12:35:42,6496,4,100.0,5350000,3.45,29163520,1573521894,2359921311
2025-05-28T12:35:43,6496,4,100.0,5350000,3.45,29163520,1573521894,2359921311
2025-05-28T12:35:44,6496,4,100.0,5350000,3.45,29163520,1573521894,2359921311
2025-05-28T12:35:45,6496,4,100.0,5350000,3.45,29163520,1573521894,2359921311
2025-05-28T12:35:46,6496,4,100.0,5350000,3.45,29163520,1573521894,2359921311
2025-05-28T12:35:47,6511,4,100.0,5350000,3.46,29163520,1577082017,2365297780
2025-05-28T12:35:48,6511,4,100.0,5350000,3.46,29163520,1577082017,2365297780
2025-05-28T12:35:49,6511,4,100.0,5350000,3.46,29163520,1577082017,2365297780
2025-05-28T12:35:50,6511,4,100.0,5350000,3.46,29163520,1577082017,2365297780
2025-05-28T12:35:51,6511,4,100.0,5350000,3.46,29163520,1577082017,2365297780
2025-05-28T12:35:52,6511,4,100.0,5350000,3.46,29163520,1577082017,2365297780
2025-05-28T12:35:53,6511,4,100.0,5350000,3.46,29163520,1577082017,2365297780
2025-05-28T12:35:54,6511,4,100.0,5350000,3.46,29163520,1577082017,2365297780
2025-05-28T12:35:55,6511,4,100.0,5350000,3.46,29163520,1577082017,2365297780
2025-05-28T12:35:56,6511,4,100.0,5350000,3.46,29163520,1577082017,2365297780
2025-05-28T12:35:57,6511,4,100.0,5350000,3.46,29163520,1577082017,2365297780
2025-05-28T12:35:58,6511,4,100.0,5350000,3.46,29163520,1577082017,2365297780
2025-05-28T12:35:59,6511,4,100.0,5350000,3.46,29163520,1577082017,2365297780
2025-05-28T12:36:00,6511,4,100.0,5350000,3.46,29163520,1577082017,2365297780
2025-05-28T12:36:01,6511,4,100.0,5350000,3.46,29163520,1577082017,2365297780
2025-05-28T12:36:02,6526,4,100.0,5350000,3.46,29163520,1580716369,2370748294
2025-05-28T12:36:03,6526,4,100.0,5350000,3.46,29163520,1580716369,2370748294
2025-05-28T12:36:04,6526,4,100.0,5350000,3.46,29163520,1580716369,2370748294
2025-05-28T12:36:05,6526,4,100.0,5350000,3.46,29163520,1580716369,2370748294
2025-05-28T12:36:06,6526,4,100.0,5350000,3.46,29163520,1580716369,2370748294
2025-05-28T12:36:07,6526,4,100.0,5350000,3.46,29163520,1580716369,2370748294
2025-05-28T12:36:08,6526,4,100.0,5350000,3.46,29163520,1580716369,2370748294
2025-05-28T12:36:09,6526,4,100.0,5350000,3.46,29163520,1580716369,2370748294
2025-05-28T12:36:10,6526,4,100.0,5350000,3.46,29163520,1580716369,2370748294
2025-05-28T12:36:11,6526,4,100.0,5350000,3.46,29163520,1580716369,2370748294
2025-05-28T12:36:12,6526,4,100.0,5350000,3.46,29163520,1580716369,2370748294
2025-05-28T12:36:13,6526,4,100.0,5350000,3.46,29163520,1580716369,2370748294
2025-05-28T12:36:14,6526,4,100.0,5350000,3.46,29163520,1580716369,2370748294
2025-05-28T12:36:15,6526,4,100.0,5350000,3.46,29163520,1580716369,2370748294
2025-05-28T12:36:16,6526,4,100.0,5350000,3.46,29163520,1580716369,2370748294
2025-05-28T12:36:17,6541,4,100.0,5350000,3.46,29163520,1584325366,2376174049
2025-05-28T12:36:18,6541,4,100.0,5350000,3.46,29163520,1584325366,2376174049
2025-05-28T12:36:19,6541,4,100.0,5350000,3.46,29163520,1584325366,2376174049
2025-05-28T12:36:20,6541,4,100.0,5350000,3.46,29163520,1584325366,2376174049
2025-05-28T12:36:21,6541,4,100.0,5350000,3.46,29163520,1584325366,2376174049
2025-05-28T12:36:22,6541,4,100.0,5350000,3.46,29163520,1584325366,2376174049
2025-05-28T12:36:23,6541,4,100.0,5350000,3.46,29163520,1584325366,2376174049
2025-05-28T12:36:24,6541,4,100.0,5350000,3.46,29163520,1584325366,2376174049
2025-05-28T12:36:25,6541,4,100.0,5350000,3.46,29163520,1584325366,2376174049
2025-05-28T12:36:26,6541,4,100.0,5350000,3.46,29163520,1584325366,2376174049
2025-05-28T12:36:27,6541,4,100.0,5350000,3.46,29163520,1584325366,2376174049
2025-05-28T12:36:28,6541,4,100.0,5350000,3.46,29163520,1584325366,2376174049
2025-05-28T12:36:29,6541,4,100.0,5350000,3.46,29163520,1584325366,2376174049
2025-05-28T12:36:30,6541,4,100.0,5350000,3.46,29163520,1584325366,2376174049
2025-05-28T12:36:31,6541,4,100.0,5350000,3.46,29163520,1584325366,2376174049
2025-05-28T12:36:32,6556,4,100.0,5350000,3.47,29163520,1588008063,2381673504
2025-05-28T12:36:33,6556,4,100.0,5350000,3.47,29163520,1588008063,2381673504
2025-05-28T12:36:34,6556,4,100.0,5350000,3.47,29163520,1588008063,2381673504
2025-05-28T12:36:35,6556,4,100.0,5350000,3.47,29163520,1588008063,2381673504
2025-05-28T12:36:36,6556,4,100.0,5350000,3.47,29163520,1588008063,2381673504
2025-05-28T12:36:37,6556,4,100.0,5350000,3.47,29163520,1588008063,2381673504
2025-05-28T12:36:38,6556,4,100.0,5350000,3.47,29163520,1588008063,2381673504
2025-05-28T12:36:39,6556,4,100.0,5350000,3.47,29163520,1588008063,2381673504
2025-05-28T12:36:40,6556,4,100.0,5350000,3.47,29163520,1588008063,2381673504
2025-05-28T12:36:41,6556,4,100.0,5350000,3.47,29163520,1588008063,2381673504
2025-05-28T12:36:42,6556,4,100.0,5350000,3.47,29163520,1588008063,2381673504
2025-05-28T12:36:43,6556,4,100.0,5350000,3.47,29163520,1588008063,2381673504
2025-05-28T12:36:44,6556,4,100.0,5350000,3.47,29163520,1588008063,2381673504
2025-05-28T12:36:45,6556,4,100.0,5350000,3.47,29163520,1588008063,2381673504
2025-05-28T12:36:46,6556,4,100.0,5350000,3.47,29163520,1588008063,2381673504
2025-05-28T12:36:47,6571,4,100.0,5350000,3.47,29163520,1590711687,2386194355
2025-05-28T12:36:48,6571,4,100.0,5350000,3.47,29163520,1590711687,2386194355
2025-05-28T12:36:49,6571,4,100.0,5350000,3.47,29163520,1590711687,2386194355
2025-05-28T12:36:50,6571,4,100.0,5350000,3.47,29163520,1590711687,2386194355
2025-05-28T12:36:51,6571,4,100.0,5350000,3.47,29163520,1590711687,2386194355
2025-05-28T12:36:52,6571,4,100.0,5350000,3.47,29163520,1590711687,2386194355
2025-05-28T12:36:53,6571,4,100.0,5350000,3.47,29163520,1590711687,2386194355
2025-05-28T12:36:54,6571,4,100.0,5350000,3.47,29163520,1590711687,2386194355
2025-05-28T12:36:55,6571,4,100.0,5350000,3.47,29163520,1590711687,2386194355
2025-05-28T12:36:56,6571,4,100.0,5350000,3.47,29163520,1590711687,2386194355
2025-05-28T12:36:57,6571,4,100.0,5350000,3.47,29163520,1590711687,2386194355
2025-05-28T12:36:58,6571,4,100.0,5350000,3.47,29163520,1590711687,2386194355
2025-05-28T12:36:59,6571,4,100.0,5350000,3.47,29163520,1590711687,2386194355
2025-05-28T12:37:00,6571,4,100.0,5350000,3.47,29163520,1590711687,2386194355
2025-05-28T12:37:01,6571,4,100.0,5350000,3.47,29163520,1590711687,2386194355
2025-05-28T12:37:02,6586,4,100.0,5350000,3.47,29163520,1595202875,2392502067
2025-05-28T12:37:03,6586,4,100.0,5350000,3.47,29163520,1595202875,2392502067
2025-05-28T12:37:04,6586,4,100.0,5350000,3.47,29163520,1595202875,2392502067
2025-05-28T12:37:05,6586,4,100.0,5350000,3.47,29163520,1595202875,2392502067
2025-05-28T12:37:06,6586,4,100.0,5350000,3.47,29163520,1595202875,2392502067
2025-05-28T12:37:07,6586,4,100.0,5350000,3.47,29163520,1595202875,2392502067
2025-05-28T12:37:08,6586,4,100.0,5350000,3.47,29163520,1595202875,2392502067
2025-05-28T12:37:09,6586,4,100.0,5350000,3.47,29163520,1595202875,2392502067
2025-05-28T12:37:10,6586,4,100.0,5350000,3.47,29163520,1595202875,2392502067
2025-05-28T12:37:11,6586,4,100.0,5350000,3.47,29163520,1595202875,2392502067
2025-05-28T12:37:12,6586,4,100.0,5350000,3.47,29163520,1595202875,2392502067
2025-05-28T12:37:13,6586,4,100.0,5350000,3.47,29163520,1595202875,2392502067
2025-05-28T12:37:14,6586,4,100.0,5350000,3.47,29163520,1595202875,2392502067
2025-05-28T12:37:15,6586,4,100.0,5350000,3.47,29163520,1595202875,2392502067
2025-05-28T12:37:16,6586,4,100.0,5350000,3.47,29163520,1595202875,2392502067
2025-05-28T12:37:17,6601,4,100.0,5350000,3.48,29163520,1598643845,2397809165
2025-05-28T12:37:18,6601,4,100.0,5350000,3.48,29163520,1598643845,2397809165
2025-05-28T12:37:19,6601,4,100.0,5350000,3.48,29163520,1598643845,2397809165
2025-05-28T12:37:20,6601,4,100.0,5350000,3.48,29163520,1598643845,2397809165
2025-05-28T12:37:21,6601,4,100.0,5350000,3.48,29163520,1598643845,2397809165
2025-05-28T12:37:22,6601,4,100.0,5350000,3.48,29163520,1598643845,2397809165
2025-05-28T12:37:23,6601,4,100.0,5350000,3.48,29163520,1598643845,2397809165
2025-05-28T12:37:24,6601,4,100.0,5350000,3.48,29163520,1598643845,2397809165
2025-05-28T12:37:25,6601,4,100.0,5350000,3.48,29163520,1598643845,2397809165
2025-05-28T12:37:26,6601,4,100.0,5350000,3.48,29163520,1598643845,2397809165
2025-05-28T12:37:27,6601,4,100.0,5350000,3.48,29163520,1598643845,2397809165
2025-05-28T12:37:28,6601,4,100.0,5350000,3.48,29163520,1598643845,2397809165
2025-05-28T12:37:29,6601,4,100.0,5350000,3.48,29163520,1598643845,2397809165
2025-05-28T12:37:30,6601,4,100.0,5350000,3.48,29163520,1598643845,2397809165
2025-05-28T12:37:31,6601,4,100.0,5350000,3.48,29163520,1598643845,2397809165
2025-05-28T12:37:32,6616,4,100.0,5350000,3.48,29163520,1602490865,2403423866
2025-05-28T12:37:33,6616,4,100.0,5350000,3.48,29163520,1602490865,2403423866
2025-05-28T12:37:34,6616,4,100.0,5350000,3.48,29163520,1602490865,2403423866
2025-05-28T12:37:35,6616,4,100.0,5350000,3.48,29163520,1602490865,2403423866
2025-05-28T12:37:36,6616,4,100.0,5350000,3.48,29163520,1602490865,2403423866
2025-05-28T12:37:37,6616,4,100.0,5350000,3.48,29163520,1602490865,2403423866
2025-05-28T12:37:38,6616,4,100.0,5350000,3.48,29163520,1602490865,2403423866
2025-05-28T12:37:39,6616,4,100.0,5350000,3.48,29163520,1602490865,2403423866
2025-05-28T12:37:40,6616,4,100.0,5350000,3.48,29163520,1602490865,2403423866
2025-05-28T12:37:41,6616,4,100.0,5350000,3.48,29163520,1602490865,2403423866
2025-05-28T12:37:42,6616,4,100.0,5350000,3.48,29163520,1602490865,2403423866
2025-05-28T12:37:43,6616,4,100.0,5350000,3.48,29163520,1602490865,2403423866
2025-05-28T12:37:44,6616,4,100.0,5350000,3.48,29163520,1602490865,2403423866
2025-05-28T12:37:45,6616,4,100.0,5350000,3.48,29163520,1602490865,2403423866
2025-05-28T12:37:46,6616,4,100.0,5350000,3.48,29163520,1602490865,2403423866
2025-05-28T12:37:47,6631,4,100.0,5350000,3.48,29163520,1605275882,2408025986
2025-05-28T12:37:48,6631,4,100.0,5350000,3.48,29163520,1605275882,2408025986
2025-05-28T12:37:49,6631,4,100.0,5350000,3.48,29163520,1605275882,2408025986
2025-05-28T12:37:50,6631,4,100.0,5350000,3.48,29163520,1605275882,2408025986
2025-05-28T12:37:51,6631,4,100.0,5350000,3.48,29163520,1605275882,2408025986
2025-05-28T12:37:52,6631,4,100.0,5350000,3.48,29163520,1605275882,2408025986
2025-05-28T12:37:53,6631,4,100.0,5350000,3.48,29163520,1605275882,2408025986
2025-05-28T12:37:54,6631,4,100.0,5350000,3.48,29163520,1605275882,2408025986
2025-05-28T12:37:55,6631,4,100.0,5350000,3.48,29163520,1605275882,2408025986
2025-05-28T12:37:56,6631,4,100.0,5350000,3.48,29163520,1605275882,2408025986
2025-05-28T12:37:57,6631,4,100.0,5350000,3.48,29163520,1605275882,2408025986
2025-05-28T12:37:58,6631,4,100.0,5350000,3.48,29163520,1605275882,2408025986
2025-05-28T12:37:59,6631,4,100.0,5350000,3.48,29163520,1605275882,2408025986
2025-05-28T12:38:00,6631,4,100.0,5350000,3.48,29163520,1605275882,2408025986
2025-05-28T12:38:01,6631,4,100.0,5350000,3.48,29163520,1605275882,2408025986
2025-05-28T12:38:02,6646,4,100.0,5350000,3.49,29163520,1609688753,2414255230
2025-05-28T12:38:03,6646,4,100.0,5350000,3.49,29163520,1609688753,2414255230
2025-05-28T12:38:04,6646,4,100.0,5350000,3.49,29163520,1609688753,2414255230
2025-05-28T12:38:05,6646,4,100.0,5350000,3.49,29163520,1609688753,2414255230
2025-05-28T12:38:06,6646,4,100.0,5350000,3.49,29163520,1609688753,2414255230
2025-05-28T12:38:07,6646,4,100.0,5350000,3.49,29163520,1609688753,2414255230
2025-05-28T12:38:08,6646,4,100.0,5350000,3.49,29163520,1609688753,2414255230
2025-05-28T12:38:09,6646,4,100.0,5350000,3.49,29163520,1609688753,2414255230
2025-05-28T12:38:10,6646,4,100.0,5350000,3.49,29163520,1609688753,2414255230
2025-05-28T12:38:11,6646,4,100.0,5350000,3.49,29163520,1609688753,2414255230
2025-05-28T12:38:12,6646,4,100.0,5350000,3.49,29163520,1609688753,2414255230
2025-05-28T12:38:13,6646,4,100.0,5350000,3.49,29163520,1609688753,2414255230
2025-05-28T12:38:14,6646,4,100.0,5350000,3.49,29163520,1609688753,2414255230
2025-05-28T12:38:15,6646,4,100.0,5350000,3.49,29163520,1609688753,2414255230
2025-05-28T12:38:16,6646,4,100.0,5350000,3.49,29163520,1609688753,2414255230
2025-05-28T12:38:17,6661,4,100.0,5350000,3.5,29163520,1613310063,2419693430
2025-05-28T12:38:18,6661,4,100.0,5350000,3.5,29163520,1613310063,2419693430
2025-05-28T12:38:19,6661,4,100.0,5350000,3.5,29163520,1613310063,2419693430
2025-05-28T12:38:20,6661,4,100.0,5350000,3.5,29163520,1613310063,2419693430
2025-05-28T12:38:21,6661,4,100.0,5350000,3.5,29163520,1613310063,2419693430
2025-05-28T12:38:22,6661,4,100.0,5350000,3.5,29163520,1613310063,2419693430
2025-05-28T12:38:23,6661,4,100.0,5350000,3.5,29163520,1613310063,2419693430
2025-05-28T12:38:24,6661,4,100.0,5350000,3.5,29163520,1613310063,2419693430
2025-05-28T12:38:25,6661,4,100.0,5350000,3.5,29163520,1613310063,2419693430
2025-05-28T12:38:26,6661,4,100.0,5350000,3.5,29163520,1613310063,2419693430
2025-05-28T12:38:27,6661,4,100.0,5350000,3.5,29163520,1613310063,2419693430
2025-05-28T12:38:28,6661,4,100.0,5350000,3.5,29163520,1613310063,2419693430
2025-05-28T12:38:29,6661,4,100.0,5350000,3.5,29163520,1613310063,2419693430
2025-05-28T12:38:30,6661,4,100.0,5350000,3.5,29163520,1613310063,2419693430
2025-05-28T12:38:31,6661,4,100.0,5350000,3.5,29163520,1613310063,2419693430
2025-05-28T12:38:32,6676,4,100.0,5350000,3.5,29163520,1616931333,2425131564
2025-05-28T12:38:33,6676,4,100.0,5350000,3.5,29163520,1616931333,2425131564
2025-05-28T12:38:34,6676,4,100.0,5350000,3.5,29163520,1616931333,2425131564
2025-05-28T12:38:35,6676,4,100.0,5350000,3.5,29163520,1616931333,2425131564
2025-05-28T12:38:36,6676,4,100.0,5350000,3.5,29163520,1616931333,2425131564
2025-05-28T12:38:37,6676,4,100.0,5350000,3.5,29163520,1616931333,2425131564
2025-05-28T12:38:38,6676,4,100.0,5350000,3.5,29163520,1616931333,2425131564
2025-05-28T12:38:39,6676,4,100.0,5350000,3.5,29163520,1616931333,2425131564
2025-05-28T12:38:40,6676,4,100.0,5350000,3.5,29163520,1616931333,2425131564
2025-05-28T12:38:41,6676,4,100.0,5350000,3.5,29163520,1616931333,2425131564
2025-05-28T12:38:42,6676,4,100.0,5350000,3.5,29163520,1616931333,2425131564
2025-05-28T12:38:43,6676,4,100.0,5350000,3.5,29163520,1616931333,2425131564
2025-05-28T12:38:44,6676,4,100.0,5350000,3.5,29163520,1616931333,2425131564
2025-05-28T12:38:45,6676,4,100.0,5350000,3.5,29163520,1616931333,2425131564
2025-05-28T12:38:46,6676,4,100.0,5350000,3.5,29163520,1616931333,2425131564
2025-05-28T12:38:47,6691,4,100.0,5350000,3.51,29163520,1620598149,2430614955
2025-05-28T12:38:48,6691,4,100.0,5350000,3.51,29163520,1620598149,2430614955
2025-05-28T12:38:49,6691,4,100.0,5350000,3.51,29163520,1620598149,2430614955
2025-05-28T12:38:50,6691,4,100.0,5350000,3.51,29163520,1620598149,2430614955
2025-05-28T12:38:51,6691,4,100.0,5350000,3.51,29163520,1620598149,2430614955
2025-05-28T12:38:52,6691,4,100.0,5350000,3.51,29163520,1620598149,2430614955
2025-05-28T12:38:53,6691,4,100.0,5350000,3.51,29163520,1620598149,2430614955
2025-05-28T12:38:54,6691,4,100.0,5350000,3.51,29163520,1620598149,2430614955
2025-05-28T12:38:55,6691,4,100.0,5350000,3.51,29163520,1620598149,2430614955
2025-05-28T12:38:56,6691,4,100.0,5350000,3.51,29163520,1620598149,2430614955
2025-05-28T12:38:57,6691,4,100.0,5350000,3.51,29163520,1620598149,2430614955
2025-05-28T12:38:58,6691,4,100.0,5350000,3.51,29163520,1620598149,2430614955
2025-05-28T12:38:59,6691,4,100.0,5350000,3.51,29163520,1620598149,2430614955
2025-05-28T12:39:00,6691,4,100.0,5350000,3.51,29163520,1620598149,2430614955
2025-05-28T12:39:01,6691,4,100.0,5350000,3.51,29163520,1620598149,2430614955
2025-05-28T12:39:02,6706,4,100.0,5350000,3.51,29163520,1624158059,2435991493
2025-05-28T12:39:03,6706,4,100.0,5350000,3.51,29163520,1624158059,2435991493
2025-05-28T12:39:04,6706,4,100.0,5350000,3.51,29163520,1624158059,2435991493
2025-05-28T12:39:05,6706,4,100.0,5350000,3.51,29163520,1624158059,2435991493
2025-05-28T12:39:06,6706,4,100.0,5350000,3.51,29163520,1624158059,2435991493
2025-05-28T12:39:07,6706,4,100.0,5350000,3.51,29163520,1624158059,2435991493
2025-05-28T12:39:08,6706,4,100.0,5350000,3.51,29163520,1624158059,2435991493
2025-05-28T12:39:09,6706,4,100.0,5350000,3.51,29163520,1624158059,2435991493
2025-05-28T12:39:10,6706,4,100.0,5350000,3.51,29163520,1624158059,2435991493
2025-05-28T12:39:11,6706,4,100.0,5350000,3.51,29163520,1624158059,2435991493
2025-05-28T12:39:12,6706,4,100.0,5350000,3.51,29163520,1624158059,2435991493
2025-05-28T12:39:13,6706,4,100.0,5350000,3.51,29163520,1624158059,2435991493
2025-05-28T12:39:14,6706,4,100.0,5350000,3.51,29163520,1624158059,2435991493
2025-05-28T12:39:15,6706,4,100.0,5350000,3.51,29163520,1624158059,2435991493
2025-05-28T12:39:16,6706,4,100.0,5350000,3.51,29163520,1624158059,2435991493
2025-05-28T12:39:17,6721,4,100.0,5350000,3.52,29163520,1627777627,2441428944
2025-05-28T12:39:18,6721,4,100.0,5350000,3.52,29163520,1627777627,2441428944
2025-05-28T12:39:19,6721,4,100.0,5350000,3.52,29163520,1627777627,2441428944
2025-05-28T12:39:20,6721,4,100.0,5350000,3.52,29163520,1627777627,2441428944
2025-05-28T12:39:21,6721,4,100.0,5350000,3.52,29163520,1627777627,2441428944
2025-05-28T12:39:22,6721,4,100.0,5350000,3.52,29163520,1627777627,2441428944
2025-05-28T12:39:23,6721,4,100.0,5350000,3.52,29163520,1627777627,2441428944
2025-05-28T12:39:24,6721,4,100.0,5350000,3.52,29163520,1627777627,2441428944
2025-05-28T12:39:25,6721,4,100.0,5350000,3.52,29163520,1627777627,2441428944
2025-05-28T12:39:26,6721,4,100.0,5350000,3.52,29163520,1627777627,2441428944
2025-05-28T12:39:27,6721,4,100.0,5350000,3.52,29163520,1627777627,2441428944
2025-05-28T12:39:28,6721,4,100.0,5350000,3.52,29163520,1627777627,2441428944
2025-05-28T12:39:29,6721,4,100.0,5350000,3.52,29163520,1627777627,2441428944
2025-05-28T12:39:30,6721,4,100.0,5350000,3.52,29163520,1627777627,2441428944
2025-05-28T12:39:31,6721,4,100.0,5350000,3.52,29163520,1627777627,2441428944
2025-05-28T12:39:32,6736,4,100.0,5350000,3.52,29163520,1631415541,2446883183
2025-05-28T12:39:33,6736,4,100.0,5350000,3.52,29163520,1631415541,2446883183
2025-05-28T12:39:34,6736,4,100.0,5350000,3.52,29163520,1631415541,2446883183
2025-05-28T12:39:35,6736,4,100.0,5350000,3.52,29163520,1631415541,2446883183
2025-05-28T12:39:36,6736,4,100.0,5350000,3.52,29163520,1631415541,2446883183
2025-05-28T12:39:37,6736,4,100.0,5350000,3.52,29163520,1631415541,2446883183
2025-05-28T12:39:38,6736,4,100.0,5350000,3.52,29163520,1631415541,2446883183
2025-05-28T12:39:39,6736,4,100.0,5350000,3.52,29163520,1631415541,2446883183
2025-05-28T12:39:40,6736,4,100.0,5350000,3.52,29163520,1631415541,2446883183
2025-05-28T12:39:41,6736,4,100.0,5350000,3.52,29163520,1631415541,2446883183
2025-05-28T12:39:42,6736,4,100.0,5350000,3.52,29163520,1631415541,2446883183
2025-05-28T12:39:43,6736,4,100.0,5350000,3.52,29163520,1631415541,2446883183
2025-05-28T12:39:44,6736,4,100.0,5350000,3.52,29163520,1631415541,2446883183
2025-05-28T12:39:45,6736,4,100.0,5350000,3.52,29163520,1631415541,2446883183
2025-05-28T12:39:46,6736,4,100.0,5350000,3.52,29163520,1631415541,2446883183
2025-05-28T12:39:47,6751,4,100.0,5350000,3.52,29163520,1634725807,2452009792
2025-05-28T12:39:48,6751,4,100.0,5350000,3.52,29163520,1634725807,2452009792
2025-05-28T12:39:49,6751,4,100.0,5350000,3.52,29163520,1634725807,2452009792
2025-05-28T12:39:50,6751,4,100.0,5350000,3.52,29163520,1634725807,2452009792
2025-05-28T12:39:51,6751,4,100.0,5350000,3.52,29163520,1634725807,2452009792
2025-05-28T12:39:52,6751,4,100.0,5350000,3.52,29163520,1634725807,2452009792
2025-05-28T12:39:53,6751,4,100.0,5350000,3.52,29163520,1634725807,2452009792
2025-05-28T12:39:54,6751,4,100.0,5350000,3.52,29163520,1634725807,2452009792
2025-05-28T12:39:55,6751,4,100.0,5350000,3.52,29163520,1634725807,2452009792
2025-05-28T12:39:56,6751,4,100.0,5350000,3.52,29163520,1634725807,2452009792
2025-05-28T12:39:57,6751,4,100.0,5350000,3.52,29163520,1634725807,2452009792
2025-05-28T12:39:58,6751,4,100.0,5350000,3.52,29163520,1634725807,2452009792
2025-05-28T12:39:59,6751,4,100.0,5350000,3.52,29163520,1634725807,2452009792
2025-05-28T12:40:00,6751,4,100.0,5350000,3.52,29163520,1634725807,2452009792
2025-05-28T12:40:01,6751,4,100.0,5350000,3.52,29163520,1634725807,2452009792
2025-05-28T12:40:02,6766,4,100.0,5350000,3.53,29163520,1638642593,2457742950
2025-05-28T12:40:03,6766,4,100.0,5350000,3.53,29163520,1638642593,2457742950
2025-05-28T12:40:04,6766,4,100.0,5350000,3.53,29163520,1638642593,2457742950
2025-05-28T12:40:05,6766,4,100.0,5350000,3.53,29163520,1638642593,2457742950
2025-05-28T12:40:06,6766,4,100.0,5350000,3.53,29163520,1638642593,2457742950
2025-05-28T12:40:07,6766,4,100.0,5350000,3.53,29163520,1638642593,2457742950
2025-05-28T12:40:08,6766,4,100.0,5350000,3.53,29163520,1638642593,2457742950
2025-05-28T12:40:09,6766,4,100.0,5350000,3.53,29163520,1638642593,2457742950
2025-05-28T12:40:10,6766,4,100.0,5350000,3.53,29163520,1638642593,2457742950
2025-05-28T12:40:11,6766,4,100.0,5350000,3.53,29163520,1638642593,2457742950
2025-05-28T12:40:12,6766,4,100.0,5350000,3.53,29163520,1638642593,2457742950
2025-05-28T12:40:13,6766,4,100.0,5350000,3.53,29163520,1638642593,2457742950
2025-05-28T12:40:14,6766,4,100.0,5350000,3.53,29163520,1638642593,2457742950
2025-05-28T12:40:15,6766,4,100.0,5350000,3.53,29163520,1638642593,2457742950
2025-05-28T12:40:16,6766,4,100.0,5350000,3.53,29163520,1638642593,2457742950
2025-05-28T12:40:17,6781,4,100.0,5350000,3.53,29163520,1642326417,2463242885
2025-05-28T12:40:18,6781,4,100.0,5350000,3.53,29163520,1642326417,2463242885
2025-05-28T12:40:19,6781,4,100.0,5350000,3.53,29163520,1642326417,2463242885
2025-05-28T12:40:20,6781,4,100.0,5350000,3.53,29163520,1642326417,2463242885
2025-05-28T12:40:21,6781,4,100.0,5350000,3.53,29163520,1642326417,2463242885
2025-05-28T12:40:22,6781,4,100.0,5350000,3.53,29163520,1642326417,2463242885
2025-05-28T12:40:23,6781,4,100.0,5350000,3.53,29163520,1642326417,2463242885
2025-05-28T12:40:24,6781,4,100.0,5350000,3.53,29163520,1642326417,2463242885
2025-05-28T12:40:25,6781,4,100.0,5350000,3.53,29163520,1642326417,2463242885
2025-05-28T12:40:26,6781,4,100.0,5350000,3.53,29163520,1642326417,2463242885
2025-05-28T12:40:27,6781,4,100.0,5350000,3.53,29163520,1642326417,2463242885
2025-05-28T12:40:28,6781,4,100.0,5350000,3.53,29163520,1642326417,2463242885
2025-05-28T12:40:29,6781,4,100.0,5350000,3.53,29163520,1642326417,2463242885
2025-05-28T12:40:30,6781,4,100.0,5350000,3.53,29163520,1642326417,2463242885
2025-05-28T12:40:31,6781,4,100.0,5350000,3.53,29163520,1642326417,2463242885
2025-05-28T12:40:32,6796,4,100.0,5350000,3.54,29163520,1645947827,2468680304
2025-05-28T12:40:33,6796,4,100.0,5350000,3.54,29163520,1645947827,2468680304
2025-05-28T12:40:34,6796,4,100.0,5350000,3.54,29163520,1645947827,2468680304
2025-05-28T12:40:35,6796,4,100.0,5350000,3.54,29163520,1645947827,2468680304
2025-05-28T12:40:36,6796,4,100.0,5350000,3.54,29163520,1645947827,2468680304
2025-05-28T12:40:37,6796,4,100.0,5350000,3.54,29163520,1645947827,2468680304
2025-05-28T12:40:38,6796,4,100.0,5350000,3.54,29163520,1645947827,2468680304
2025-05-28T12:40:39,6796,4,100.0,5350000,3.54,29163520,1645947827,2468680304
2025-05-28T12:40:40,6796,4,100.0,5350000,3.54,29163520,1645947827,2468680304
2025-05-28T12:40:41,6796,4,100.0,5350000,3.54,29163520,1645947827,2468680304
2025-05-28T12:40:42,6796,4,100.0,5350000,3.54,29163520,1645947827,2468680304
2025-05-28T12:40:43,6796,4,100.0,5350000,3.54,29163520,1645947827,2468680304
2025-05-28T12:40:44,6796,4,100.0,5350000,3.54,29163520,1645947827,2468680304
2025-05-28T12:40:45,6796,4,100.0,5350000,3.54,29163520,1645947827,2468680304
2025-05-28T12:40:46,6796,4,100.0,5350000,3.54,29163520,1645947827,2468680304
2025-05-28T12:40:47,6811,4,100.0,5350000,3.54,29163520,1649506544,2474056122
2025-05-28T12:40:48,6811,4,100.0,5350000,3.54,29163520,1649506544,2474056122
2025-05-28T12:40:49,6811,4,100.0,5350000,3.54,29163520,1649506544,2474056122
2025-05-28T12:40:50,6811,4,100.0,5350000,3.54,29163520,1649506544,2474056122
2025-05-28T12:40:51,6811,4,100.0,5350000,3.54,29163520,1649506544,2474056122
2025-05-28T12:40:52,6811,4,100.0,5350000,3.54,29163520,1649506544,2474056122
2025-05-28T12:40:53,6811,4,100.0,5350000,3.54,29163520,1649506544,2474056122
2025-05-28T12:40:54,6811,4,100.0,5350000,3.54,29163520,1649506544,2474056122
2025-05-28T12:40:55,6811,4,100.0,5350000,3.54,29163520,1649506544,2474056122
2025-05-28T12:40:56,6811,4,100.0,5350000,3.54,29163520,1649506544,2474056122
2025-05-28T12:40:57,6811,4,100.0,5350000,3.54,29163520,1649506544,2474056122
2025-05-28T12:40:58,6811,4,100.0,5350000,3.54,29163520,1649506544,2474056122
2025-05-28T12:40:59,6811,4,100.0,5350000,3.54,29163520,1649506544,2474056122
2025-05-28T12:41:00,6811,4,100.0,5350000,3.54,29163520,1649506544,2474056122
2025-05-28T12:41:01,6811,4,100.0,5350000,3.54,29163520,1649506544,2474056122
2025-05-28T12:41:02,6826,4,100.0,5350000,3.56,29163520,1653144510,2479510485
2025-05-28T12:41:03,6826,4,100.0,5350000,3.56,29163520,1653144510,2479510485
2025-05-28T12:41:04,6826,4,100.0,5350000,3.56,29163520,1653144510,2479510485
2025-05-28T12:41:05,6826,4,100.0,5350000,3.56,29163520,1653144510,2479510485
2025-05-28T12:41:06,6826,4,100.0,5350000,3.56,29163520,1653144510,2479510485
2025-05-28T12:41:07,6826,4,100.0,5350000,3.56,29163520,1653144510,2479510485
2025-05-28T12:41:08,6826,4,100.0,5350000,3.56,29163520,1653144510,2479510485
2025-05-28T12:41:09,6826,4,100.0,5350000,3.56,29163520,1653144510,2479510485
2025-05-28T12:41:10,6826,4,100.0,5350000,3.56,29163520,1653144510,2479510485
2025-05-28T12:41:11,6826,4,100.0,5350000,3.56,29163520,1653144510,2479510485
2025-05-28T12:41:12,6826,4,100.0,5350000,3.56,29163520,1653144510,2479510485
2025-05-28T12:41:13,6826,4,100.0,5350000,3.56,29163520,1653144510,2479510485
2025-05-28T12:41:14,6826,4,100.0,5350000,3.56,29163520,1653144510,2479510485
2025-05-28T12:41:15,6826,4,100.0,5350000,3.56,29163520,1653144510,2479510485
2025-05-28T12:41:16,6826,4,100.0,5350000,3.56,29163520,1653144510,2479510485
2025-05-28T12:41:17,6841,4,100.0,5350000,3.56,29163520,1656811013,2484993831
2025-05-28T12:41:18,6841,4,100.0,5350000,3.56,29163520,1656811013,2484993831
2025-05-28T12:41:19,6841,4,100.0,5350000,3.56,29163520,1656811013,2484993831
2025-05-28T12:41:20,6841,4,100.0,5350000,3.56,29163520,1656811013,2484993831
2025-05-28T12:41:21,6841,4,100.0,5350000,3.56,29163520,1656811013,2484993831
2025-05-28T12:41:22,6841,4,100.0,5350000,3.56,29163520,1656811013,2484993831
2025-05-28T12:41:23,6841,4,100.0,5350000,3.56,29163520,1656811013,2484993831
2025-05-28T12:41:24,6841,4,100.0,5350000,3.56,29163520,1656811013,2484993831
2025-05-28T12:41:25,6841,4,100.0,5350000,3.56,29163520,1656811013,2484993831
2025-05-28T12:41:26,6841,4,100.0,5350000,3.56,29163520,1656811013,2484993831
2025-05-28T12:41:27,6841,4,100.0,5350000,3.56,29163520,1656811013,2484993831
2025-05-28T12:41:28,6841,4,100.0,5350000,3.56,29163520,1656811013,2484993831
2025-05-28T12:41:29,6841,4,100.0,5350000,3.56,29163520,1656811013,2484993831
2025-05-28T12:41:30,6841,4,100.0,5350000,3.56,29163520,1656811013,2484993831
2025-05-28T12:41:31,6841,4,100.0,5350000,3.56,29163520,1656811013,2484993831
2025-05-28T12:41:32,6856,4,100.0,5350000,3.56,29163520,1660386311,2490386600
2025-05-28T12:41:33,6856,4,100.0,5350000,3.56,29163520,1660386311,2490386600
2025-05-28T12:41:34,6856,4,100.0,5350000,3.56,29163520,1660386311,2490386600
2025-05-28T12:41:35,6856,4,100.0,5350000,3.56,29163520,1660386311,2490386600
2025-05-28T12:41:36,6856,4,100.0,5350000,3.56,29163520,1660386311,2490386600
2025-05-28T12:41:37,6856,4,100.0,5350000,3.56,29163520,1660386311,2490386600
2025-05-28T12:41:38,6856,4,100.0,5350000,3.56,29163520,1660386311,2490386600
2025-05-28T12:41:39,6856,4,100.0,5350000,3.56,29163520,1660386311,2490386600
2025-05-28T12:41:40,6856,4,100.0,5350000,3.56,29163520,1660386311,2490386600
2025-05-28T12:41:41,6856,4,100.0,5350000,3.56,29163520,1660386311,2490386600
2025-05-28T12:41:42,6856,4,100.0,5350000,3.56,29163520,1660386311,2490386600
2025-05-28T12:41:43,6856,4,100.0,5350000,3.56,29163520,1660386311,2490386600
2025-05-28T12:41:44,6856,4,100.0,5350000,3.56,29163520,1660386311,2490386600
2025-05-28T12:41:45,6856,4,100.0,5350000,3.56,29163520,1660386311,2490386600
2025-05-28T12:41:46,6856,4,100.0,5350000,3.56,29163520,1660386311,2490386600
2025-05-28T12:41:47,6871,4,100.0,5350000,3.57,29163520,1663827052,2495644286
2025-05-28T12:41:48,6871,4,100.0,5350000,3.57,29163520,1663827052,2495644286
2025-05-28T12:41:49,6871,4,100.0,5350000,3.57,29163520,1663827052,2495644286
2025-05-28T12:41:50,6871,4,100.0,5350000,3.57,29163520,1663827052,2495644286
2025-05-28T12:41:51,6871,4,100.0,5350000,3.57,29163520,1663827052,2495644286
2025-05-28T12:41:52,6871,4,100.0,5350000,3.57,29163520,1663827052,2495644286
2025-05-28T12:41:53,6871,4,100.0,5350000,3.57,29163520,1663827052,2495644286
2025-05-28T12:41:54,6871,4,100.0,5350000,3.57,29163520,1663827052,2495644286
2025-05-28T12:41:55,6871,4,100.0,5350000,3.57,29163520,1663827052,2495644286
2025-05-28T12:41:56,6871,4,100.0,5350000,3.57,29163520,1663827052,2495644286
2025-05-28T12:41:57,6871,4,100.0,5350000,3.57,29163520,1663827052,2495644286
2025-05-28T12:41:58,6871,4,100.0,5350000,3.57,29163520,1663827052,2495644286
2025-05-28T12:41:59,6871,4,100.0,5350000,3.57,29163520,1663827052,2495644286
2025-05-28T12:42:00,6871,4,100.0,5350000,3.57,29163520,1663827052,2495644286
2025-05-28T12:42:01,6871,4,100.0,5350000,3.57,29163520,1663827052,2495644286
2025-05-28T12:42:02,6886,4,100.0,5350000,3.57,29163520,1667673927,2501307800
2025-05-28T12:42:03,6886,4,100.0,5350000,3.57,29163520,1667673927,2501307800
2025-05-28T12:42:04,6886,4,100.0,5350000,3.57,29163520,1667673927,2501307800
2025-05-28T12:42:05,6886,4,100.0,5350000,3.57,29163520,1667673927,2501307800
2025-05-28T12:42:06,6886,4,100.0,5350000,3.57,29163520,1667673927,2501307800
2025-05-28T12:42:07,6886,4,100.0,5350000,3.57,29163520,1667673927,2501307800
2025-05-28T12:42:08,6886,4,100.0,5350000,3.57,29163520,1667673927,2501307800
2025-05-28T12:42:09,6886,4,100.0,5350000,3.57,29163520,1667673927,2501307800
2025-05-28T12:42:10,6886,4,100.0,5350000,3.57,29163520,1667673927,2501307800
2025-05-28T12:42:11,6886,4,100.0,5350000,3.57,29163520,1667673927,2501307800
2025-05-28T12:42:12,6886,4,100.0,5350000,3.57,29163520,1667673927,2501307800
2025-05-28T12:42:13,6886,4,100.0,5350000,3.57,29163520,1667673927,2501307800
2025-05-28T12:42:14,6886,4,100.0,5350000,3.57,29163520,1667673927,2501307800
2025-05-28T12:42:15,6886,4,100.0,5350000,3.57,29163520,1667673927,2501307800
2025-05-28T12:42:16,6886,4,100.0,5350000,3.57,29163520,1667673927,2501307800
2025-05-28T12:42:17,6901,4,100.0,5350000,3.57,29163520,1671233992,2506684053
2025-05-28T12:42:18,6901,4,100.0,5350000,3.57,29163520,1671233992,2506684053
2025-05-28T12:42:19,6901,4,100.0,5350000,3.57,29163520,1671233992,2506684053
2025-05-28T12:42:20,6901,4,100.0,5350000,3.57,29163520,1671233992,2506684053
2025-05-28T12:42:21,6901,4,100.0,5350000,3.57,29163520,1671233992,2506684053
2025-05-28T12:42:22,6901,4,100.0,5350000,3.57,29163520,1671233992,2506684053
2025-05-28T12:42:23,6901,4,100.0,5350000,3.57,29163520,1671233992,2506684053
2025-05-28T12:42:24,6901,4,100.0,5350000,3.57,29163520,1671233992,2506684053
2025-05-28T12:42:25,6901,4,100.0,5350000,3.57,29163520,1671233992,2506684053
2025-05-28T12:42:26,6901,4,100.0,5350000,3.57,29163520,1671233992,2506684053
2025-05-28T12:42:27,6901,4,100.0,5350000,3.57,29163520,1671233992,2506684053
2025-05-28T12:42:28,6901,4,100.0,5350000,3.57,29163520,1671233992,2506684053
2025-05-28T12:42:29,6901,4,100.0,5350000,3.57,29163520,1671233992,2506684053
2025-05-28T12:42:30,6901,4,100.0,5350000,3.57,29163520,1671233992,2506684053
2025-05-28T12:42:31,6901,4,100.0,5350000,3.57,29163520,1671233992,2506684053
2025-05-28T12:42:32,6916,4,100.0,5350000,3.57,29163520,1674872141,2512138524
2025-05-28T12:42:33,6916,4,100.0,5350000,3.57,29163520,1674872141,2512138524
2025-05-28T12:42:34,6916,4,100.0,5350000,3.57,29163520,1674872141,2512138524
2025-05-28T12:42:35,6916,4,100.0,5350000,3.57,29163520,1674872141,2512138524
2025-05-28T12:42:36,6916,4,100.0,5350000,3.57,29163520,1674872141,2512138524
2025-05-28T12:42:37,6916,4,100.0,5350000,3.57,29163520,1674872141,2512138524
2025-05-28T12:42:38,6916,4,100.0,5350000,3.57,29163520,1674872141,2512138524
2025-05-28T12:42:39,6916,4,100.0,5350000,3.57,29163520,1674872141,2512138524
2025-05-28T12:42:40,6916,4,100.0,5350000,3.57,29163520,1674872141,2512138524
2025-05-28T12:42:41,6916,4,100.0,5350000,3.57,29163520,1674872141,2512138524
2025-05-28T12:42:42,6916,4,100.0,5350000,3.57,29163520,1674872141,2512138524
2025-05-28T12:42:43,6916,4,100.0,5350000,3.57,29163520,1674872141,2512138524
2025-05-28T12:42:44,6916,4,100.0,5350000,3.57,29163520,1674872141,2512138524
2025-05-28T12:42:45,6916,4,100.0,5350000,3.57,29163520,1674872141,2512138524
2025-05-28T12:42:46,6916,4,100.0,5350000,3.57,29163520,1674872141,2512138524
2025-05-28T12:42:47,6931,4,100.0,5350000,3.58,29163520,1678493738,2517576808
2025-05-28T12:42:48,6931,4,100.0,5350000,3.58,29163520,1678493738,2517576808
2025-05-28T12:42:49,6931,4,100.0,5350000,3.58,29163520,1678493738,2517576808
2025-05-28T12:42:50,6931,4,100.0,5350000,3.58,29163520,1678493738,2517576808
2025-05-28T12:42:51,6931,4,100.0,5350000,3.58,29163520,1678493738,2517576808
2025-05-28T12:42:52,6931,4,100.0,5350000,3.58,29163520,1678493738,2517576808
2025-05-28T12:42:53,6931,4,100.0,5350000,3.58,29163520,1678493738,2517576808
2025-05-28T12:42:54,6931,4,100.0,5350000,3.58,29163520,1678493738,2517576808
2025-05-28T12:42:55,6931,4,100.0,5350000,3.58,29163520,1678493738,2517576808
2025-05-28T12:42:56,6931,4,100.0,5350000,3.58,29163520,1678493738,2517576808
2025-05-28T12:42:57,6931,4,100.0,5350000,3.58,29163520,1678493738,2517576808
2025-05-28T12:42:58,6931,4,100.0,5350000,3.58,29163520,1678493738,2517576808
2025-05-28T12:42:59,6931,4,100.0,5350000,3.58,29163520,1678493738,2517576808
2025-05-28T12:43:00,6931,4,100.0,5350000,3.58,29163520,1678493738,2517576808
2025-05-28T12:43:01,6931,4,100.0,5350000,3.58,29163520,1678493738,2517576808
2025-05-28T12:43:02,6946,4,100.0,5350000,3.59,29163520,1682099275,2522998723
2025-05-28T12:43:03,6946,4,100.0,5350000,3.59,29163520,1682099275,2522998723
2025-05-28T12:43:04,6946,4,100.0,5350000,3.59,29163520,1682099275,2522998723
2025-05-28T12:43:05,6946,4,100.0,5350000,3.59,29163520,1682099275,2522998723
2025-05-28T12:43:06,6946,4,100.0,5350000,3.59,29163520,1682099275,2522998723
2025-05-28T12:43:07,6946,4,100.0,5350000,3.59,29163520,1682099275,2522998723
2025-05-28T12:43:08,6946,4,100.0,5350000,3.59,29163520,1682099275,2522998723
2025-05-28T12:43:09,6946,4,100.0,5350000,3.59,29163520,1682099275,2522998723
2025-05-28T12:43:10,6946,4,100.0,5350000,3.59,29163520,1682099275,2522998723
2025-05-28T12:43:11,6946,4,100.0,5350000,3.59,29163520,1682099275,2522998723
2025-05-28T12:43:12,6946,4,100.0,5350000,3.59,29163520,1682099275,2522998723
2025-05-28T12:43:13,6946,4,100.0,5350000,3.59,29163520,1682099275,2522998723
2025-05-28T12:43:14,6946,4,100.0,5350000,3.59,29163520,1682099275,2522998723
2025-05-28T12:43:15,6946,4,100.0,5350000,3.59,29163520,1682099275,2522998723
2025-05-28T12:43:16,6946,4,100.0,5350000,3.59,29163520,1682099275,2522998723
2025-05-28T12:43:17,6961,4,100.0,5350000,3.59,29163520,1685979005,2528695348
2025-05-28T12:43:18,6961,4,100.0,5350000,3.59,29163520,1685979005,2528695348
2025-05-28T12:43:19,6961,4,100.0,5350000,3.59,29163520,1685979005,2528695348
2025-05-28T12:43:20,6961,4,100.0,5350000,3.59,29163520,1685979005,2528695348
2025-05-28T12:43:21,6961,4,100.0,5350000,3.59,29163520,1685979005,2528695348
2025-05-28T12:43:22,6961,4,100.0,5350000,3.59,29163520,1685979005,2528695348
2025-05-28T12:43:23,6961,4,100.0,5350000,3.59,29163520,1685979005,2528695348
2025-05-28T12:43:24,6961,4,100.0,5350000,3.59,29163520,1685979005,2528695348
2025-05-28T12:43:25,6961,4,100.0,5350000,3.59,29163520,1685979005,2528695348
2025-05-28T12:43:26,6961,4,100.0,5350000,3.59,29163520,1685979005,2528695348
2025-05-28T12:43:27,6961,4,100.0,5350000,3.59,29163520,1685979005,2528695348
2025-05-28T12:43:28,6961,4,100.0,5350000,3.59,29163520,1685979005,2528695348
2025-05-28T12:43:29,6961,4,100.0,5350000,3.59,29163520,1685979005,2528695348
2025-05-28T12:43:30,6961,4,100.0,5350000,3.59,29163520,1685979005,2528695348
2025-05-28T12:43:31,6961,4,100.0,5350000,3.59,29163520,1685979005,2528695348
2025-05-28T12:43:32,6976,4,100.0,5350000,3.59,29163520,1689342477,2533874911
2025-05-28T12:43:33,6976,4,100.0,5350000,3.59,29163520,1689342477,2533874911
2025-05-28T12:43:34,6976,4,100.0,5350000,3.59,29163520,1689342477,2533874911
2025-05-28T12:43:35,6976,4,100.0,5350000,3.59,29163520,1689342477,2533874911
2025-05-28T12:43:36,6976,4,100.0,5350000,3.59,29163520,1689342477,2533874911
2025-05-28T12:43:37,6976,4,100.0,5350000,3.59,29163520,1689342477,2533874911
2025-05-28T12:43:38,6976,4,100.0,5350000,3.59,29163520,1689342477,2533874911
2025-05-28T12:43:39,6976,4,100.0,5350000,3.59,29163520,1689342477,2533874911
2025-05-28T12:43:40,6976,4,100.0,5350000,3.59,29163520,1689342477,2533874911
2025-05-28T12:43:41,6976,4,100.0,5350000,3.59,29163520,1689342477,2533874911
2025-05-28T12:43:42,6976,4,100.0,5350000,3.59,29163520,1689342477,2533874911
2025-05-28T12:43:43,6976,4,100.0,5350000,3.59,29163520,1689342477,2533874911
2025-05-28T12:43:44,6976,4,100.0,5350000,3.59,29163520,1689342477,2533874911
2025-05-28T12:43:45,6976,4,100.0,5350000,3.59,29163520,1689342477,2533874911
2025-05-28T12:43:46,6976,4,100.0,5350000,3.59,29163520,1689342477,2533874911
2025-05-28T12:43:47,6991,4,100.0,5350000,3.6,29163520,1693025157,2539374589
2025-05-28T12:43:48,6991,4,100.0,5350000,3.6,29163520,1693025157,2539374589
2025-05-28T12:43:49,6991,4,100.0,5350000,3.6,29163520,1693025157,2539374589
2025-05-28T12:43:50,6991,4,100.0,5350000,3.6,29163520,1693025157,2539374589
2025-05-28T12:43:51,6991,4,100.0,5350000,3.6,29163520,1693025157,2539374589
2025-05-28T12:43:52,6991,4,100.0,5350000,3.6,29163520,1693025157,2539374589
2025-05-28T12:43:53,6991,4,100.0,5350000,3.6,29163520,1693025157,2539374589
2025-05-28T12:43:54,6991,4,100.0,5350000,3.6,29163520,1693025157,2539374589
2025-05-28T12:43:55,6991,4,100.0,5350000,3.6,29163520,1693025157,2539374589
2025-05-28T12:43:56,6991,4,100.0,5350000,3.6,29163520,1693025157,2539374589
2025-05-28T12:43:57,6991,4,100.0,5350000,3.6,29163520,1693025157,2539374589
2025-05-28T12:43:58,6991,4,100.0,5350000,3.6,29163520,1693025157,2539374589
2025-05-28T12:43:59,6991,4,100.0,5350000,3.6,29163520,1693025157,2539374589
2025-05-28T12:44:00,6991,4,100.0,5350000,3.6,29163520,1693025157,2539374589
2025-05-28T12:44:01,6991,4,100.0,5350000,3.6,29163520,1693025157,2539374589
2025-05-28T12:44:02,7006,4,100.0,5350000,3.6,29163520,1696584910,2544750980
2025-05-28T12:44:03,7006,4,100.0,5350000,3.6,29163520,1696584910,2544750980
2025-05-28T12:44:04,7006,4,100.0,5350000,3.6,29163520,1696584910,2544750980
2025-05-28T12:44:05,7006,4,100.0,5350000,3.6,29163520,1696584910,2544750980
2025-05-28T12:44:06,7006,4,100.0,5350000,3.6,29163520,1696584910,2544750980
2025-05-28T12:44:07,7006,4,100.0,5350000,3.6,29163520,1696584910,2544750980
2025-05-28T12:44:08,7006,4,100.0,5350000,3.6,29163520,1696584910,2544750980
2025-05-28T12:44:09,7006,4,100.0,5350000,3.6,29163520,1696584910,2544750980
2025-05-28T12:44:10,7006,4,100.0,5350000,3.6,29163520,1696584910,2544750980
2025-05-28T12:44:11,7006,4,100.0,5350000,3.6,29163520,1696584910,2544750980
2025-05-28T12:44:12,7006,4,100.0,5350000,3.6,29163520,1696584910,2544750980
2025-05-28T12:44:13,7006,4,100.0,5350000,3.6,29163520,1696584910,2544750980
2025-05-28T12:44:14,7006,4,100.0,5350000,3.6,29163520,1696584910,2544750980
2025-05-28T12:44:15,7006,4,100.0,5350000,3.6,29163520,1696584910,2544750980
2025-05-28T12:44:16,7006,4,100.0,5350000,3.6,29163520,1696584910,2544750980
2025-05-28T12:44:17,7021,4,100.0,5350000,3.61,29163520,1700206246,2550189052
2025-05-28T12:44:18,7021,4,100.0,5350000,3.61,29163520,1700206246,2550189052
2025-05-28T12:44:19,7021,4,100.0,5350000,3.61,29163520,1700206246,2550189052
2025-05-28T12:44:20,7021,4,100.0,5350000,3.61,29163520,1700206246,2550189052
2025-05-28T12:44:21,7021,4,100.0,5350000,3.61,29163520,1700206246,2550189052
2025-05-28T12:44:22,7021,4,100.0,5350000,3.61,29163520,1700206246,2550189052
2025-05-28T12:44:23,7021,4,100.0,5350000,3.61,29163520,1700206246,2550189052
2025-05-28T12:44:24,7021,4,100.0,5350000,3.61,29163520,1700206246,2550189052
2025-05-28T12:44:25,7021,4,100.0,5350000,3.61,29163520,1700206246,2550189052
2025-05-28T12:44:26,7021,4,100.0,5350000,3.61,29163520,1700206246,2550189052
2025-05-28T12:44:27,7021,4,100.0,5350000,3.61,29163520,1700206246,2550189052
2025-05-28T12:44:28,7021,4,100.0,5350000,3.61,29163520,1700206246,2550189052
2025-05-28T12:44:29,7021,4,100.0,5350000,3.61,29163520,1700206246,2550189052
2025-05-28T12:44:30,7021,4,100.0,5350000,3.61,29163520,1700206246,2550189052
2025-05-28T12:44:31,7021,4,100.0,5350000,3.61,29163520,1700206246,2550189052
2025-05-28T12:44:32,7036,4,100.0,5350000,3.62,29163520,1703843640,2555643291
2025-05-28T12:44:33,7036,4,100.0,5350000,3.62,29163520,1703843640,2555643291
2025-05-28T12:44:34,7036,4,100.0,5350000,3.62,29163520,1703843640,2555643291
2025-05-28T12:44:35,7036,4,100.0,5350000,3.62,29163520,1703843640,2555643291
2025-05-28T12:44:36,7036,4,100.0,5350000,3.62,29163520,1703843640,2555643291
2025-05-28T12:44:37,7036,4,100.0,5350000,3.62,29163520,1703843640,2555643291
2025-05-28T12:44:38,7036,4,100.0,5350000,3.62,29163520,1703843640,2555643291
2025-05-28T12:44:39,7036,4,100.0,5350000,3.62,29163520,1703843640,2555643291
2025-05-28T12:44:40,7036,4,100.0,5350000,3.62,29163520,1703843640,2555643291
2025-05-28T12:44:41,7036,4,100.0,5350000,3.62,29163520,1703843640,2555643291
2025-05-28T12:44:42,7036,4,100.0,5350000,3.62,29163520,1703843640,2555643291
2025-05-28T12:44:43,7036,4,100.0,5350000,3.62,29163520,1703843640,2555643291
2025-05-28T12:44:44,7036,4,100.0,5350000,3.62,29163520,1703843640,2555643291
2025-05-28T12:44:45,7036,4,100.0,5350000,3.62,29163520,1703843640,2555643291
2025-05-28T12:44:46,7036,4,100.0,5350000,3.62,29163520,1703843640,2555643291
2025-05-28T12:44:47,7051,4,100.0,5350000,3.62,29163520,1707465104,2561081309
2025-05-28T12:44:48,7051,4,100.0,5350000,3.62,29163520,1707465104,2561081309
2025-05-28T12:44:49,7051,4,100.0,5350000,3.62,29163520,1707465104,2561081309
2025-05-28T12:44:50,7051,4,100.0,5350000,3.62,29163520,1707465104,2561081309
2025-05-28T12:44:51,7051,4,100.0,5350000,3.62,29163520,1707465104,2561081309
2025-05-28T12:44:52,7051,4,100.0,5350000,3.62,29163520,1707465104,2561081309
2025-05-28T12:44:53,7051,4,100.0,5350000,3.62,29163520,1707465104,2561081309
2025-05-28T12:44:54,7051,4,100.0,5350000,3.62,29163520,1707465104,2561081309
2025-05-28T12:44:55,7051,4,100.0,5350000,3.62,29163520,1707465104,2561081309
2025-05-28T12:44:56,7051,4,100.0,5350000,3.62,29163520,1707465104,2561081309
2025-05-28T12:44:57,7051,4,100.0,5350000,3.62,29163520,1707465104,2561081309
2025-05-28T12:44:58,7051,4,100.0,5350000,3.62,29163520,1707465104,2561081309
2025-05-28T12:44:59,7051,4,100.0,5350000,3.62,29163520,1707465104,2561081309
2025-05-28T12:45:00,7051,4,100.0,5350000,3.62,29163520,1707465104,2561081309
2025-05-28T12:45:01,7051,4,100.0,5350000,3.62,29163520,1707465104,2561081309
2025-05-28T12:45:02,7066,4,100.0,5350000,3.63,29274112,1711082107,2566515208
2025-05-28T12:45:03,7066,4,100.0,5350000,3.63,29274112,1711082107,2566515208
2025-05-28T12:45:04,7066,4,100.0,5350000,3.63,29274112,1711082107,2566515208
2025-05-28T12:45:05,7066,4,100.0,5350000,3.63,29274112,1711082107,2566515208
2025-05-28T12:45:06,7066,4,100.0,5350000,3.63,29274112,1711082107,2566515208
2025-05-28T12:45:07,7066,4,100.0,5350000,3.63,29274112,1711082107,2566515208
2025-05-28T12:45:08,7066,4,100.0,5350000,3.63,29274112,1711082107,2566515208
2025-05-28T12:45:09,7066,4,100.0,5350000,3.63,29274112,1711082107,2566515208
2025-05-28T12:45:10,7066,4,100.0,5350000,3.63,29274112,1711082107,2566515208
2025-05-28T12:45:11,7066,4,100.0,5350000,3.63,29274112,1711082107,2566515208
2025-05-28T12:45:12,7066,4,100.0,5350000,3.63,29274112,1711082107,2566515208
2025-05-28T12:45:13,7066,4,100.0,5350000,3.63,29274112,1711082107,2566515208
2025-05-28T12:45:14,7066,4,100.0,5350000,3.63,29274112,1711082107,2566515208
2025-05-28T12:45:15,7066,4,100.0,5350000,3.63,29274112,1711082107,2566515208
2025-05-28T12:45:16,7066,4,100.0,5350000,3.63,29274112,1711082107,2566515208
2025-05-28T12:45:17,7081,4,100.0,5350000,3.63,29274112,1714888646,2572137761
2025-05-28T12:45:18,7081,4,100.0,5350000,3.63,29274112,1714888646,2572137761
2025-05-28T12:45:19,7081,4,100.0,5350000,3.63,29274112,1714888646,2572137761
2025-05-28T12:45:20,7081,4,100.0,5350000,3.63,29274112,1714888646,2572137761
2025-05-28T12:45:21,7081,4,100.0,5350000,3.63,29274112,1714888646,2572137761
2025-05-28T12:45:22,7081,4,100.0,5350000,3.63,29274112,1714888646,2572137761
2025-05-28T12:45:23,7081,4,100.0,5350000,3.63,29274112,1714888646,2572137761
2025-05-28T12:45:24,7081,4,100.0,5350000,3.63,29274112,1714888646,2572137761
2025-05-28T12:45:25,7081,4,100.0,5350000,3.63,29274112,1714888646,2572137761
2025-05-28T12:45:26,7081,4,100.0,5350000,3.63,29274112,1714888646,2572137761
2025-05-28T12:45:27,7081,4,100.0,5350000,3.63,29274112,1714888646,2572137761
2025-05-28T12:45:28,7081,4,100.0,5350000,3.63,29274112,1714888646,2572137761
2025-05-28T12:45:29,7081,4,100.0,5350000,3.63,29274112,1714888646,2572137761
2025-05-28T12:45:30,7081,4,100.0,5350000,3.63,29274112,1714888646,2572137761
2025-05-28T12:45:31,7081,4,100.0,5350000,3.63,29274112,1714888646,2572137761
2025-05-28T12:45:32,7096,4,100.0,5350000,3.64,29274112,1718375094,2577440844
2025-05-28T12:45:33,7096,4,100.0,5350000,3.64,29274112,1718375094,2577440844
2025-05-28T12:45:34,7096,4,100.0,5350000,3.64,29274112,1718375094,2577440844
2025-05-28T12:45:35,7096,4,100.0,5350000,3.64,29274112,1718375094,2577440844
2025-05-28T12:45:36,7096,4,100.0,5350000,3.64,29274112,1718375094,2577440844
2025-05-28T12:45:37,7096,4,100.0,5350000,3.64,29274112,1718375094,2577440844
2025-05-28T12:45:38,7096,4,100.0,5350000,3.64,29274112,1718375094,2577440844
2025-05-28T12:45:39,7096,4,100.0,5350000,3.64,29274112,1718375094,2577440844
2025-05-28T12:45:40,7096,4,100.0,5350000,3.64,29274112,1718375094,2577440844
2025-05-28T12:45:41,7096,4,100.0,5350000,3.64,29274112,1718375094,2577440844
2025-05-28T12:45:42,7096,4,100.0,5350000,3.64,29274112,1718375094,2577440844
2025-05-28T12:45:43,7096,4,100.0,5350000,3.64,29274112,1718375094,2577440844
2025-05-28T12:45:44,7096,4,100.0,5350000,3.64,29274112,1718375094,2577440844
2025-05-28T12:45:45,7096,4,100.0,5350000,3.64,29274112,1718375094,2577440844
2025-05-28T12:45:46,7096,4,100.0,5350000,3.64,29274112,1718375094,2577440844
2025-05-28T12:45:47,7111,5,100.0,5350000,3.68,33783808,1722266226,2583173361
2025-05-28T12:45:48,7111,5,100.0,5350000,3.68,33783808,1722266226,2583173361
2025-05-28T12:45:49,7111,5,100.0,5350000,3.68,33783808,1722266226,2583173361
2025-05-28T12:45:50,7111,5,100.0,5350000,3.68,33783808,1722266226,2583173361
2025-05-28T12:45:51,7111,5,100.0,5350000,3.68,33783808,1722266226,2583173361
2025-05-28T12:45:52,7111,5,100.0,5350000,3.68,33783808,1722266226,2583173361
2025-05-28T12:45:53,7111,5,100.0,5350000,3.68,33783808,1722266226,2583173361
2025-05-28T12:45:54,7111,5,100.0,5350000,3.68,33783808,1722266226,2583173361
2025-05-28T12:45:55,7111,5,100.0,5350000,3.68,33783808,1722266226,2583173361
2025-05-28T12:45:56,7111,5,100.0,5350000,3.68,33783808,1722266226,2583173361
2025-05-28T12:45:57,7111,5,100.0,5350000,3.68,33783808,1722266226,2583173361
2025-05-28T12:45:58,7111,5,100.0,5350000,3.68,33783808,1722266226,2583173361
2025-05-28T12:45:59,7111,5,100.0,5350000,3.68,33783808,1722266226,2583173361
2025-05-28T12:46:00,7111,5,100.0,5350000,3.68,33783808,1722266226,2583173361
2025-05-28T12:46:01,7111,5,100.0,5350000,3.68,33783808,1722266226,2583173361
2025-05-28T12:46:02,7126,5,100.0,7200000,3.68,33783808,1725887570,2588611212
2025-05-28T12:46:03,7126,5,100.0,7200000,3.68,33783808,1725887570,2588611212
2025-05-28T12:46:04,7126,5,100.0,7200000,3.68,33783808,1725887570,2588611212
2025-05-28T12:46:05,7126,5,100.0,7200000,3.68,33783808,1725887570,2588611212
2025-05-28T12:46:06,7126,5,100.0,7200000,3.68,33783808,1725887570,2588611212
2025-05-28T12:46:07,7126,5,100.0,7200000,3.68,33783808,1725887570,2588611212
2025-05-28T12:46:08,7126,5,100.0,7200000,3.68,33783808,1725887570,2588611212
2025-05-28T12:46:09,7126,5,100.0,7200000,3.68,33783808,1725887570,2588611212
2025-05-28T12:46:10,7126,5,100.0,7200000,3.68,33783808,1725887570,2588611212
2025-05-28T12:46:11,7126,5,100.0,7200000,3.68,33783808,1725887570,2588611212
2025-05-28T12:46:12,7126,5,100.0,7200000,3.68,33783808,1725887570,2588611212
2025-05-28T12:46:13,7126,5,100.0,7200000,3.68,33783808,1725887570,2588611212
2025-05-28T12:46:14,7126,5,100.0,7200000,3.68,33783808,1725887570,2588611212
2025-05-28T12:46:15,7126,5,100.0,7200000,3.68,33783808,1725887570,2588611212
2025-05-28T12:46:16,7126,5,100.0,7200000,3.68,33783808,1725887570,2588611212
2025-05-28T12:46:17,7141,5,100.0,7200000,3.68,33783808,1729525223,2594065630
2025-05-28T12:46:18,7141,5,100.0,7200000,3.68,33783808,1729525223,2594065630
2025-05-28T12:46:19,7141,5,100.0,7200000,3.68,33783808,1729525223,2594065630
2025-05-28T12:46:20,7141,5,100.0,7200000,3.68,33783808,1729525223,2594065630
2025-05-28T12:46:21,7141,5,100.0,7200000,3.68,33783808,1729525223,2594065630
2025-05-28T12:46:22,7141,5,100.0,7200000,3.68,33783808,1729525223,2594065630
2025-05-28T12:46:23,7141,5,100.0,7200000,3.68,33783808,1729525223,2594065630
2025-05-28T12:46:24,7141,5,100.0,7200000,3.68,33783808,1729525223,2594065630
2025-05-28T12:46:25,7141,5,100.0,7200000,3.68,33783808,1729525223,2594065630
2025-05-28T12:46:26,7141,5,100.0,7200000,3.68,33783808,1729525223,2594065630
2025-05-28T12:46:27,7141,5,100.0,7200000,3.68,33783808,1729525223,2594065630
2025-05-28T12:46:28,7141,5,100.0,7200000,3.68,33783808,1729525223,2594065630
2025-05-28T12:46:29,7141,5,100.0,7200000,3.68,33783808,1729525223,2594065630
2025-05-28T12:46:30,7141,5,100.0,7200000,3.68,33783808,1729525223,2594065630
2025-05-28T12:46:31,7141,5,100.0,7200000,3.68,33783808,1729525223,2594065630
2025-05-28T12:46:32,7156,5,100.0,7200000,3.68,33783808,1733192675,2599549325
2025-05-28T12:46:33,7156,5,100.0,7200000,3.68,33783808,1733192675,2599549325
2025-05-28T12:46:34,7156,5,100.0,7200000,3.68,33783808,1733192675,2599549325
2025-05-28T12:46:35,7156,5,100.0,7200000,3.68,33783808,1733192675,2599549325
2025-05-28T12:46:36,7156,5,100.0,7200000,3.68,33783808,1733192675,2599549325
2025-05-28T12:46:37,7156,5,100.0,7200000,3.68,33783808,1733192675,2599549325
2025-05-28T12:46:38,7156,5,100.0,7200000,3.68,33783808,1733192675,2599549325
2025-05-28T12:46:39,7156,5,100.0,7200000,3.68,33783808,1733192675,2599549325
2025-05-28T12:46:40,7156,5,100.0,7200000,3.68,33783808,1733192675,2599549325
2025-05-28T12:46:41,7156,5,100.0,7200000,3.68,33783808,1733192675,2599549325
2025-05-28T12:46:42,7156,5,100.0,7200000,3.68,33783808,1733192675,2599549325
2025-05-28T12:46:43,7156,5,100.0,7200000,3.68,33783808,1733192675,2599549325
2025-05-28T12:46:44,7156,5,100.0,7200000,3.68,33783808,1733192675,2599549325
2025-05-28T12:46:45,7156,5,100.0,7200000,3.68,33783808,1733192675,2599549325
2025-05-28T12:46:46,7156,5,100.0,7200000,3.68,33783808,1733192675,2599549325
2025-05-28T12:46:47,7171,5,100.0,7200000,3.7,33783808,1736392222,2604565428
2025-05-28T12:46:48,7171,5,100.0,7200000,3.7,33783808,1736392222,2604565428
2025-05-28T12:46:49,7171,5,100.0,7200000,3.7,33783808,1736392222,2604565428
2025-05-28T12:46:50,7171,5,100.0,7200000,3.7,33783808,1736392222,2604565428
2025-05-28T12:46:51,7171,5,100.0,7200000,3.7,33783808,1736392222,2604565428
2025-05-28T12:46:52,7171,5,100.0,7200000,3.7,33783808,1736392222,2604565428
2025-05-28T12:46:53,7171,5,100.0,7200000,3.7,33783808,1736392222,2604565428
2025-05-28T12:46:54,7171,5,100.0,7200000,3.7,33783808,1736392222,2604565428
2025-05-28T12:46:55,7171,5,100.0,7200000,3.7,33783808,1736392222,2604565428
2025-05-28T12:46:56,7171,5,100.0,7200000,3.7,33783808,1736392222,2604565428
2025-05-28T12:46:57,7171,5,100.0,7200000,3.7,33783808,1736392222,2604565428
2025-05-28T12:46:58,7171,5,100.0,7200000,3.7,33783808,1736392222,2604565428
2025-05-28T12:46:59,7171,5,100.0,7200000,3.7,33783808,1736392222,2604565428
2025-05-28T12:47:00,7171,5,100.0,7200000,3.7,33783808,1736392222,2604565428
2025-05-28T12:47:01,7171,5,100.0,7200000,3.7,33783808,1736392222,2604565428
2025-05-28T12:47:02,7186,5,100.0,7200000,3.7,33783808,1740374356,2610364432
2025-05-28T12:47:03,7186,5,100.0,7200000,3.7,33783808,1740374356,2610364432
2025-05-28T12:47:04,7186,5,100.0,7200000,3.7,33783808,1740374356,2610364432
2025-05-28T12:47:05,7186,5,100.0,7200000,3.7,33783808,1740374356,2610364432
2025-05-28T12:47:06,7186,5,100.0,7200000,3.7,33783808,1740374356,2610364432
2025-05-28T12:47:07,7186,5,100.0,7200000,3.7,33783808,1740374356,2610364432
2025-05-28T12:47:08,7186,5,100.0,7200000,3.7,33783808,1740374356,2610364432
2025-05-28T12:47:09,7186,5,100.0,7200000,3.7,33783808,1740374356,2610364432
2025-05-28T12:47:10,7186,5,100.0,7200000,3.7,33783808,1740374356,2610364432
2025-05-28T12:47:11,7186,5,100.0,7200000,3.7,33783808,1740374356,2610364432
2025-05-28T12:47:12,7186,5,100.0,7200000,3.7,33783808,1740374356,2610364432
2025-05-28T12:47:13,7186,5,100.0,7200000,3.7,33783808,1740374356,2610364432
2025-05-28T12:47:14,7186,5,100.0,7200000,3.7,33783808,1740374356,2610364432
2025-05-28T12:47:15,7186,5,100.0,7200000,3.7,33783808,1740374356,2610364432
2025-05-28T12:47:16,7186,5,100.0,7200000,3.7,33783808,1740374356,2610364432
2025-05-28T12:47:17,7201,5,100.0,7200000,3.71,34050048,1743995919,2615802773
2025-05-28T12:47:18,7201,5,100.0,7200000,3.71,34050048,1743995919,2615802773
2025-05-28T12:47:19,7201,5,100.0,7200000,3.71,34050048,1743995919,2615802773
2025-05-28T12:47:20,7201,5,100.0,7200000,3.71,34050048,1743995919,2615802773
2025-05-28T12:47:21,7201,5,100.0,7200000,3.71,34050048,1743995919,2615802773
2025-05-28T12:47:22,7201,5,100.0,7200000,3.71,34050048,1743995919,2615802773
2025-05-28T12:47:23,7201,5,100.0,7200000,3.71,34050048,1743995919,2615802773
2025-05-28T12:47:24,7201,5,100.0,7200000,3.71,34050048,1743995919,2615802773
2025-05-28T12:47:25,7201,5,100.0,7200000,3.71,34050048,1743995919,2615802773
2025-05-28T12:47:26,7201,5,100.0,7200000,3.71,34050048,1743995919,2615802773
2025-05-28T12:47:27,7201,5,100.0,7200000,3.71,34050048,1743995919,2615802773
2025-05-28T12:47:28,7201,5,100.0,7200000,3.71,34050048,1743995919,2615802773
2025-05-28T12:47:29,7201,5,100.0,7200000,3.71,34050048,1743995919,2615802773
2025-05-28T12:47:30,7201,5,100.0,7200000,3.71,34050048,1743995919,2615802773
2025-05-28T12:47:31,7201,5,100.0,7200000,3.71,34050048,1743995919,2615802773
2025-05-28T12:47:32,7216,5,100.0,7200000,3.71,34050048,1747941702,2621565322
2025-05-28T12:47:33,7216,5,100.0,7200000,3.71,34050048,1747941702,2621565322
2025-05-28T12:47:34,7216,5,100.0,7200000,3.71,34050048,1747941702,2621565322
2025-05-28T12:47:35,7216,5,100.0,7200000,3.71,34050048,1747941702,2621565322
2025-05-28T12:47:36,7216,5,100.0,7200000,3.71,34050048,1747941702,2621565322
2025-05-28T12:47:37,7216,5,100.0,7200000,3.71,34050048,1747941702,2621565322
2025-05-28T12:47:38,7216,5,100.0,7200000,3.71,34050048,1747941702,2621565322
2025-05-28T12:47:39,7216,5,100.0,7200000,3.71,34050048,1747941702,2621565322
2025-05-28T12:47:40,7216,5,100.0,7200000,3.71,34050048,1747941702,2621565322
2025-05-28T12:47:41,7216,5,100.0,7200000,3.71,34050048,1747941702,2621565322
2025-05-28T12:47:42,7216,5,100.0,7200000,3.71,34050048,1747941702,2621565322
2025-05-28T12:47:43,7216,5,100.0,7200000,3.71,34050048,1747941702,2621565322
2025-05-28T12:47:44,7216,5,100.0,7200000,3.71,34050048,1747941702,2621565322
2025-05-28T12:47:45,7216,5,100.0,7200000,3.71,34050048,1747941702,2621565322
2025-05-28T12:47:46,7216,5,100.0,7200000,3.71,34050048,1747941702,2621565322
2025-05-28T12:47:47,7231,5,100.0,7200000,3.72,32899072,1751238752,2626679501
2025-05-28T12:47:48,7231,5,100.0,7200000,3.72,32899072,1751238752,2626679501
2025-05-28T12:47:49,7231,5,100.0,7200000,3.72,32899072,1751238752,2626679501
2025-05-28T12:47:50,7231,5,100.0,7200000,3.72,32899072,1751238752,2626679501
2025-05-28T12:47:51,7231,5,100.0,7200000,3.72,32899072,1751238752,2626679501
2025-05-28T12:47:52,7231,5,100.0,7200000,3.72,32899072,1751238752,2626679501
2025-05-28T12:47:53,7231,5,100.0,7200000,3.72,32899072,1751238752,2626679501
2025-05-28T12:47:54,7231,5,100.0,7200000,3.72,32899072,1751238752,2626679501
2025-05-28T12:47:55,7231,5,100.0,7200000,3.72,32899072,1751238752,2626679501
2025-05-28T12:47:56,7231,5,100.0,7200000,3.72,32899072,1751238752,2626679501
2025-05-28T12:47:57,7231,5,100.0,7200000,3.72,32899072,1751238752,2626679501
2025-05-28T12:47:58,7231,5,100.0,7200000,3.72,32899072,1751238752,2626679501
2025-05-28T12:47:59,7231,5,100.0,7200000,3.72,32899072,1751238752,2626679501
2025-05-28T12:48:00,7231,5,100.0,7200000,3.72,32899072,1751238752,2626679501
2025-05-28T12:48:01,7231,5,100.0,7200000,3.72,32899072,1751238752,2626679501
2025-05-28T12:48:02,7246,5,100.0,7200000,3.72,32899072,1754860099,2632117825
2025-05-28T12:48:03,7246,5,100.0,7200000,3.72,32899072,1754860099,2632117825
2025-05-28T12:48:04,7246,5,100.0,7200000,3.72,32899072,1754860099,2632117825
2025-05-28T12:48:05,7246,5,100.0,7200000,3.72,32899072,1754860099,2632117825
2025-05-28T12:48:06,7246,5,100.0,7200000,3.72,32899072,1754860099,2632117825
2025-05-28T12:48:07,7246,5,100.0,7200000,3.72,32899072,1754860099,2632117825
2025-05-28T12:48:08,7246,5,100.0,7200000,3.72,32899072,1754860099,2632117825
2025-05-28T12:48:09,7246,5,100.0,7200000,3.72,32899072,1754860099,2632117825
2025-05-28T12:48:10,7246,5,100.0,7200000,3.72,32899072,1754860099,2632117825
2025-05-28T12:48:11,7246,5,100.0,7200000,3.72,32899072,1754860099,2632117825
2025-05-28T12:48:12,7246,5,100.0,7200000,3.72,32899072,1754860099,2632117825
2025-05-28T12:48:13,7246,5,100.0,7200000,3.72,32899072,1754860099,2632117825
2025-05-28T12:48:14,7246,5,100.0,7200000,3.72,32899072,1754860099,2632117825
2025-05-28T12:48:15,7246,5,100.0,7200000,3.72,32899072,1754860099,2632117825
2025-05-28T12:48:16,7246,5,100.0,7200000,3.72,32899072,1754860099,2632117825
2025-05-28T12:48:17,7261,5,100.0,7200000,3.73,32899072,1758494798,2637568667
2025-05-28T12:48:18,7261,5,100.0,7200000,3.73,32899072,1758494798,2637568667
2025-05-28T12:48:19,7261,5,100.0,7200000,3.73,32899072,1758494798,2637568667
2025-05-28T12:48:20,7261,5,100.0,7200000,3.73,32899072,1758494798,2637568667
2025-05-28T12:48:21,7261,5,100.0,7200000,3.73,32899072,1758494798,2637568667
2025-05-28T12:48:22,7261,5,100.0,7200000,3.73,32899072,1758494798,2637568667
2025-05-28T12:48:23,7261,5,100.0,7200000,3.73,32899072,1758494798,2637568667
2025-05-28T12:48:24,7261,5,100.0,7200000,3.73,32899072,1758494798,2637568667
2025-05-28T12:48:25,7261,5,100.0,7200000,3.73,32899072,1758494798,2637568667
2025-05-28T12:48:26,7261,5,100.0,7200000,3.73,32899072,1758494798,2637568667
2025-05-28T12:48:27,7261,5,100.0,7200000,3.73,32899072,1758494798,2637568667
2025-05-28T12:48:28,7261,5,100.0,7200000,3.73,32899072,1758494798,2637568667
2025-05-28T12:48:29,7261,5,100.0,7200000,3.73,32899072,1758494798,2637568667
2025-05-28T12:48:30,7261,5,100.0,7200000,3.73,32899072,1758494798,2637568667
2025-05-28T12:48:31,7261,5,100.0,7200000,3.73,32899072,1758494798,2637568667
2025-05-28T12:48:32,7276,5,100.0,7200000,3.73,32899072,1762120055,2643010770
2025-05-28T12:48:33,7276,5,100.0,7200000,3.73,32899072,1762120055,2643010770
2025-05-28T12:48:34,7276,5,100.0,7200000,3.73,32899072,1762120055,2643010770
2025-05-28T12:48:35,7276,5,100.0,7200000,3.73,32899072,1762120055,2643010770
2025-05-28T12:48:36,7276,5,100.0,7200000,3.73,32899072,1762120055,2643010770
2025-05-28T12:48:37,7276,5,100.0,7200000,3.73,32899072,1762120055,2643010770
2025-05-28T12:48:38,7276,5,100.0,7200000,3.73,32899072,1762120055,2643010770
2025-05-28T12:48:39,7276,5,100.0,7200000,3.73,32899072,1762120055,2643010770
2025-05-28T12:48:40,7276,5,100.0,7200000,3.73,32899072,1762120055,2643010770
2025-05-28T12:48:41,7276,5,100.0,7200000,3.73,32899072,1762120055,2643010770
2025-05-28T12:48:42,7276,5,100.0,7200000,3.73,32899072,1762120055,2643010770
2025-05-28T12:48:43,7276,5,100.0,7200000,3.73,32899072,1762120055,2643010770
2025-05-28T12:48:44,7276,5,100.0,7200000,3.73,32899072,1762120055,2643010770
2025-05-28T12:48:45,7276,5,100.0,7200000,3.73,32899072,1762120055,2643010770
2025-05-28T12:48:46,7276,5,100.0,7200000,3.73,32899072,1762120055,2643010770
2025-05-28T12:48:47,7291,5,100.0,7200000,3.74,32899072,1765725628,2648432740
2025-05-28T12:48:48,7291,5,100.0,7200000,3.74,32899072,1765725628,2648432740
2025-05-28T12:48:49,7291,5,100.0,7200000,3.74,32899072,1765725628,2648432740
2025-05-28T12:48:50,7291,5,100.0,7200000,3.74,32899072,1765725628,2648432740
2025-05-28T12:48:51,7291,5,100.0,7200000,3.74,32899072,1765725628,2648432740
2025-05-28T12:48:52,7291,5,100.0,7200000,3.74,32899072,1765725628,2648432740
2025-05-28T12:48:53,7291,5,100.0,7200000,3.74,32899072,1765725628,2648432740
2025-05-28T12:48:54,7291,5,100.0,7200000,3.74,32899072,1765725628,2648432740
2025-05-28T12:48:55,7291,5,100.0,7200000,3.74,32899072,1765725628,2648432740
2025-05-28T12:48:56,7291,5,100.0,7200000,3.74,32899072,1765725628,2648432740
2025-05-28T12:48:57,7291,5,100.0,7200000,3.74,32899072,1765725628,2648432740
2025-05-28T12:48:58,7291,5,100.0,7200000,3.74,32899072,1765725628,2648432740
2025-05-28T12:48:59,7291,5,100.0,7200000,3.74,32899072,1765725628,2648432740
2025-05-28T12:49:00,7291,5,100.0,7200000,3.74,32899072,1765725628,2648432740
2025-05-28T12:49:01,7291,5,100.0,7200000,3.74,32899072,1765725628,2648432740
2025-05-28T12:49:02,7306,5,100.0,7200000,3.74,32899072,1769407019,2653932299
2025-05-28T12:49:03,7306,5,100.0,7200000,3.74,32899072,1769407019,2653932299
2025-05-28T12:49:04,7306,5,100.0,7200000,3.74,32899072,1769407019,2653932299
2025-05-28T12:49:05,7306,5,100.0,7200000,3.74,32899072,1769407019,2653932299
2025-05-28T12:49:06,7306,5,100.0,7200000,3.74,32899072,1769407019,2653932299
2025-05-28T12:49:07,7306,5,100.0,7200000,3.74,32899072,1769407019,2653932299
2025-05-28T12:49:08,7306,5,100.0,7200000,3.74,32899072,1769407019,2653932299
2025-05-28T12:49:09,7306,5,100.0,7200000,3.74,32899072,1769407019,2653932299
2025-05-28T12:49:10,7306,5,100.0,7200000,3.74,32899072,1769407019,2653932299
2025-05-28T12:49:11,7306,5,100.0,7200000,3.74,32899072,1769407019,2653932299
2025-05-28T12:49:12,7306,5,100.0,7200000,3.74,32899072,1769407019,2653932299
2025-05-28T12:49:13,7306,5,100.0,7200000,3.74,32899072,1769407019,2653932299
2025-05-28T12:49:14,7306,5,100.0,7200000,3.74,32899072,1769407019,2653932299
2025-05-28T12:49:15,7306,5,100.0,7200000,3.74,32899072,1769407019,2653932299
2025-05-28T12:49:16,7306,5,100.0,7200000,3.74,32899072,1769407019,2653932299
2025-05-28T12:49:17,7321,5,100.0,7200000,3.74,32899072,1772967165,2659309000
2025-05-28T12:49:18,7321,5,100.0,7200000,3.74,32899072,1772967165,2659309000
2025-05-28T12:49:19,7321,5,100.0,7200000,3.74,32899072,1772967165,2659309000
2025-05-28T12:49:20,7321,5,100.0,7200000,3.74,32899072,1772967165,2659309000
2025-05-28T12:49:21,7321,5,100.0,7200000,3.74,32899072,1772967165,2659309000
2025-05-28T12:49:22,7321,5,100.0,7200000,3.74,32899072,1772967165,2659309000
2025-05-28T12:49:23,7321,5,100.0,7200000,3.74,32899072,1772967165,2659309000
2025-05-28T12:49:24,7321,5,100.0,7200000,3.74,32899072,1772967165,2659309000
2025-05-28T12:49:25,7321,5,100.0,7200000,3.74,32899072,1772967165,2659309000
2025-05-28T12:49:26,7321,5,100.0,7200000,3.74,32899072,1772967165,2659309000
2025-05-28T12:49:27,7321,5,100.0,7200000,3.74,32899072,1772967165,2659309000
2025-05-28T12:49:28,7321,5,100.0,7200000,3.74,32899072,1772967165,2659309000
2025-05-28T12:49:29,7321,5,100.0,7200000,3.74,32899072,1772967165,2659309000
2025-05-28T12:49:30,7321,5,100.0,7200000,3.74,32899072,1772967165,2659309000
2025-05-28T12:49:31,7321,5,100.0,7200000,3.74,32899072,1772967165,2659309000
2025-05-28T12:49:32,7336,5,100.0,7200000,3.75,32899072,1776605441,2664763616
2025-05-28T12:49:33,7336,5,100.0,7200000,3.75,32899072,1776605441,2664763616
2025-05-28T12:49:34,7336,5,100.0,7200000,3.75,32899072,1776605441,2664763616
2025-05-28T12:49:35,7336,5,100.0,7200000,3.75,32899072,1776605441,2664763616
2025-05-28T12:49:36,7336,5,100.0,7200000,3.75,32899072,1776605441,2664763616
2025-05-28T12:49:37,7336,5,100.0,7200000,3.75,32899072,1776605441,2664763616
2025-05-28T12:49:38,7336,5,100.0,7200000,3.75,32899072,1776605441,2664763616
2025-05-28T12:49:39,7336,5,100.0,7200000,3.75,32899072,1776605441,2664763616
2025-05-28T12:49:40,7336,5,100.0,7200000,3.75,32899072,1776605441,2664763616
2025-05-28T12:49:41,7336,5,100.0,7200000,3.75,32899072,1776605441,2664763616
2025-05-28T12:49:42,7336,5,100.0,7200000,3.75,32899072,1776605441,2664763616
2025-05-28T12:49:43,7336,5,100.0,7200000,3.75,32899072,1776605441,2664763616
2025-05-28T12:49:44,7336,5,100.0,7200000,3.75,32899072,1776605441,2664763616
2025-05-28T12:49:45,7336,5,100.0,7200000,3.75,32899072,1776605441,2664763616
2025-05-28T12:49:46,7336,5,100.0,7200000,3.75,32899072,1776605441,2664763616
2025-05-28T12:49:47,7351,5,100.0,7200000,3.75,27926528,1780589392,2670564234
2025-05-28T12:49:48,7351,5,100.0,7200000,3.75,27926528,1780589392,2670564234
2025-05-28T12:49:49,7351,5,100.0,7200000,3.75,27926528,1780589392,2670564234
2025-05-28T12:49:50,7351,5,100.0,7200000,3.75,27926528,1780589392,2670564234
2025-05-28T12:49:51,7351,5,100.0,7200000,3.75,27926528,1780589392,2670564234
2025-05-28T12:49:52,7351,5,100.0,7200000,3.75,27926528,1780589392,2670564234
2025-05-28T12:49:53,7351,5,100.0,7200000,3.75,27926528,1780589392,2670564234
2025-05-28T12:49:54,7351,5,100.0,7200000,3.75,27926528,1780589392,2670564234
2025-05-28T12:49:55,7351,5,100.0,7200000,3.75,27926528,1780589392,2670564234
2025-05-28T12:49:56,7351,5,100.0,7200000,3.75,27926528,1780589392,2670564234
2025-05-28T12:49:57,7351,5,100.0,7200000,3.75,27926528,1780589392,2670564234
2025-05-28T12:49:58,7351,5,100.0,7200000,3.75,27926528,1780589392,2670564234
2025-05-28T12:49:59,7351,5,100.0,7200000,3.75,27926528,1780589392,2670564234
2025-05-28T12:50:00,7351,5,100.0,7200000,3.75,27926528,1780589392,2670564234
2025-05-28T12:50:01,7351,5,100.0,7200000,3.75,27926528,1780589392,2670564234
2025-05-28T12:50:02,7366,5,100.0,7200000,3.77,27926528,1783848146,2675640120
2025-05-28T12:50:03,7366,5,100.0,7200000,3.77,27926528,1783848146,2675640120
2025-05-28T12:50:04,7366,5,100.0,7200000,3.77,27926528,1783848146,2675640120
2025-05-28T12:50:05,7366,5,100.0,7200000,3.77,27926528,1783848146,2675640120
2025-05-28T12:50:06,7366,5,100.0,7200000,3.77,27926528,1783848146,2675640120
2025-05-28T12:50:07,7366,5,100.0,7200000,3.77,27926528,1783848146,2675640120
2025-05-28T12:50:08,7366,5,100.0,7200000,3.77,27926528,1783848146,2675640120
2025-05-28T12:50:09,7366,5,100.0,7200000,3.77,27926528,1783848146,2675640120
2025-05-28T12:50:10,7366,5,100.0,7200000,3.77,27926528,1783848146,2675640120
2025-05-28T12:50:11,7366,5,100.0,7200000,3.77,27926528,1783848146,2675640120
2025-05-28T12:50:12,7366,5,100.0,7200000,3.77,27926528,1783848146,2675640120
2025-05-28T12:50:13,7366,5,100.0,7200000,3.77,27926528,1783848146,2675640120
2025-05-28T12:50:14,7366,5,100.0,7200000,3.77,27926528,1783848146,2675640120
2025-05-28T12:50:15,7366,5,100.0,7200000,3.77,27926528,1783848146,2675640120
2025-05-28T12:50:16,7366,5,100.0,7200000,3.77,27926528,1783848146,2675640120
2025-05-28T12:50:17,7381,5,100.0,7200000,3.77,27926528,1787453564,2681062091
2025-05-28T12:50:18,7381,5,100.0,7200000,3.77,27926528,1787453564,2681062091
2025-05-28T12:50:19,7381,5,100.0,7200000,3.77,27926528,1787453564,2681062091
2025-05-28T12:50:20,7381,5,100.0,7200000,3.77,27926528,1787453564,2681062091
2025-05-28T12:50:21,7381,5,100.0,7200000,3.77,27926528,1787453564,2681062091
2025-05-28T12:50:22,7381,5,100.0,7200000,3.77,27926528,1787453564,2681062091
2025-05-28T12:50:23,7381,5,100.0,7200000,3.77,27926528,1787453564,2681062091
2025-05-28T12:50:24,7381,5,100.0,7200000,3.77,27926528,1787453564,2681062091
2025-05-28T12:50:25,7381,5,100.0,7200000,3.77,27926528,1787453564,2681062091
2025-05-28T12:50:26,7381,5,100.0,7200000,3.77,27926528,1787453564,2681062091
2025-05-28T12:50:27,7381,5,100.0,7200000,3.77,27926528,1787453564,2681062091
2025-05-28T12:50:28,7381,5,100.0,7200000,3.77,27926528,1787453564,2681062091
2025-05-28T12:50:29,7381,5,100.0,7200000,3.77,27926528,1787453564,2681062091
2025-05-28T12:50:30,7381,5,100.0,7200000,3.77,27926528,1787453564,2681062091
2025-05-28T12:50:31,7381,5,100.0,7200000,3.77,27926528,1787453564,2681062091
2025-05-28T12:50:32,7396,5,100.0,7200000,3.77,27926528,1791091256,2686516899
2025-05-28T12:50:33,7396,5,100.0,7200000,3.77,27926528,1791091256,2686516899
2025-05-28T12:50:34,7396,5,100.0,7200000,3.77,27926528,1791091256,2686516899
2025-05-28T12:50:35,7396,5,100.0,7200000,3.77,27926528,1791091256,2686516899
2025-05-28T12:50:36,7396,5,100.0,7200000,3.77,27926528,1791091256,2686516899
2025-05-28T12:50:37,7396,5,100.0,7200000,3.77,27926528,1791091256,2686516899
2025-05-28T12:50:38,7396,5,100.0,7200000,3.77,27926528,1791091256,2686516899
2025-05-28T12:50:39,7396,5,100.0,7200000,3.77,27926528,1791091256,2686516899
2025-05-28T12:50:40,7396,5,100.0,7200000,3.77,27926528,1791091256,2686516899
2025-05-28T12:50:41,7396,5,100.0,7200000,3.77,27926528,1791091256,2686516899
2025-05-28T12:50:42,7396,5,100.0,7200000,3.77,27926528,1791091256,2686516899
2025-05-28T12:50:43,7396,5,100.0,7200000,3.77,27926528,1791091256,2686516899
2025-05-28T12:50:44,7396,5,100.0,7200000,3.77,27926528,1791091256,2686516899
2025-05-28T12:50:45,7396,5,100.0,7200000,3.77,27926528,1791091256,2686516899
2025-05-28T12:50:46,7396,5,100.0,7200000,3.77,27926528,1791091256,2686516899
2025-05-28T12:50:47,7411,5,100.0,7200000,3.77,27926528,1794695451,2691938740
2025-05-28T12:50:48,7411,5,100.0,7200000,3.77,27926528,1794695451,2691938740
2025-05-28T12:50:49,7411,5,100.0,7200000,3.77,27926528,1794695451,2691938740
2025-05-28T12:50:50,7411,5,100.0,7200000,3.77,27926528,1794695451,2691938740
2025-05-28T12:50:51,7411,5,100.0,7200000,3.77,27926528,1794695451,2691938740
2025-05-28T12:50:52,7411,5,100.0,7200000,3.77,27926528,1794695451,2691938740
2025-05-28T12:50:53,7411,5,100.0,7200000,3.77,27926528,1794695451,2691938740
2025-05-28T12:50:54,7411,5,100.0,7200000,3.77,27926528,1794695451,2691938740
2025-05-28T12:50:55,7411,5,100.0,7200000,3.77,27926528,1794695451,2691938740
2025-05-28T12:50:56,7411,5,100.0,7200000,3.77,27926528,1794695451,2691938740
2025-05-28T12:50:57,7411,5,100.0,7200000,3.77,27926528,1794695451,2691938740
2025-05-28T12:50:58,7411,5,100.0,7200000,3.77,27926528,1794695451,2691938740
2025-05-28T12:50:59,7411,5,100.0,7200000,3.77,27926528,1794695451,2691938740
2025-05-28T12:51:00,7411,5,100.0,7200000,3.77,27926528,1794695451,2691938740
2025-05-28T12:51:01,7411,5,100.0,7200000,3.77,27926528,1794695451,2691938740
2025-05-28T12:51:02,7426,5,100.0,7200000,3.78,27926528,1798379323,2697438824
2025-05-28T12:51:03,7426,5,100.0,7200000,3.78,27926528,1798379323,2697438824
2025-05-28T12:51:04,7426,5,100.0,7200000,3.78,27926528,1798379323,2697438824
2025-05-28T12:51:05,7426,5,100.0,7200000,3.78,27926528,1798379323,2697438824
2025-05-28T12:51:06,7426,5,100.0,7200000,3.78,27926528,1798379323,2697438824
2025-05-28T12:51:07,7426,5,100.0,7200000,3.78,27926528,1798379323,2697438824
2025-05-28T12:51:08,7426,5,100.0,7200000,3.78,27926528,1798379323,2697438824
2025-05-28T12:51:09,7426,5,100.0,7200000,3.78,27926528,1798379323,2697438824
2025-05-28T12:51:10,7426,5,100.0,7200000,3.78,27926528,1798379323,2697438824
2025-05-28T12:51:11,7426,5,100.0,7200000,3.78,27926528,1798379323,2697438824
2025-05-28T12:51:12,7426,5,100.0,7200000,3.78,27926528,1798379323,2697438824
2025-05-28T12:51:13,7426,5,100.0,7200000,3.78,27926528,1798379323,2697438824
2025-05-28T12:51:14,7426,5,100.0,7200000,3.78,27926528,1798379323,2697438824
2025-05-28T12:51:15,7426,5,100.0,7200000,3.78,27926528,1798379323,2697438824
2025-05-28T12:51:16,7426,5,100.0,7200000,3.78,27926528,1798379323,2697438824
2025-05-28T12:51:17,7441,5,100.0,7200000,3.79,28188672,1801955799,2702831849
2025-05-28T12:51:18,7441,5,100.0,7200000,3.79,28188672,1801955799,2702831849
2025-05-28T12:51:19,7441,5,100.0,7200000,3.79,28188672,1801955799,2702831849
2025-05-28T12:51:20,7441,5,100.0,7200000,3.79,28188672,1801955799,2702831849
2025-05-28T12:51:21,7441,5,100.0,7200000,3.79,28188672,1801955799,2702831849
2025-05-28T12:51:22,7441,5,100.0,7200000,3.79,28188672,1801955799,2702831849
2025-05-28T12:51:23,7441,5,100.0,7200000,3.79,28188672,1801955799,2702831849
2025-05-28T12:51:24,7441,5,100.0,7200000,3.79,28188672,1801955799,2702831849
2025-05-28T12:51:25,7441,5,100.0,7200000,3.79,28188672,1801955799,2702831849
2025-05-28T12:51:26,7441,5,100.0,7200000,3.79,28188672,1801955799,2702831849
2025-05-28T12:51:27,7441,5,100.0,7200000,3.79,28188672,1801955799,2702831849
2025-05-28T12:51:28,7441,5,100.0,7200000,3.79,28188672,1801955799,2702831849
2025-05-28T12:51:29,7441,5,100.0,7200000,3.79,28188672,1801955799,2702831849
2025-05-28T12:51:30,7441,5,100.0,7200000,3.79,28188672,1801955799,2702831849
2025-05-28T12:51:31,7441,5,100.0,7200000,3.79,28188672,1801955799,2702831849
2025-05-28T12:51:32,7456,5,100.0,7200000,3.79,28188672,1805577615,2708270222
2025-05-28T12:51:33,7456,5,100.0,7200000,3.79,28188672,1805577615,2708270222
2025-05-28T12:51:34,7456,5,100.0,7200000,3.79,28188672,1805577615,2708270222
2025-05-28T12:51:35,7456,5,100.0,7200000,3.79,28188672,1805577615,2708270222
2025-05-28T12:51:36,7456,5,100.0,7200000,3.79,28188672,1805577615,2708270222
2025-05-28T12:51:37,7456,5,100.0,7200000,3.79,28188672,1805577615,2708270222
2025-05-28T12:51:38,7456,5,100.0,7200000,3.79,28188672,1805577615,2708270222
2025-05-28T12:51:39,7456,5,100.0,7200000,3.79,28188672,1805577615,2708270222
2025-05-28T12:51:40,7456,5,100.0,7200000,3.79,28188672,1805577615,2708270222
2025-05-28T12:51:41,7456,5,100.0,7200000,3.79,28188672,1805577615,2708270222
2025-05-28T12:51:42,7456,5,100.0,7200000,3.79,28188672,1805577615,2708270222
2025-05-28T12:51:43,7456,5,100.0,7200000,3.79,28188672,1805577615,2708270222
2025-05-28T12:51:44,7456,5,100.0,7200000,3.79,28188672,1805577615,2708270222
2025-05-28T12:51:45,7456,5,100.0,7200000,3.79,28188672,1805577615,2708270222
2025-05-28T12:51:46,7456,5,100.0,7200000,3.79,28188672,1805577615,2708270222
2025-05-28T12:51:47,7471,5,100.0,7200000,3.8,28188672,1809396326,2713905644
2025-05-28T12:51:48,7471,5,100.0,7200000,3.8,28188672,1809396326,2713905644
2025-05-28T12:51:49,7471,5,100.0,7200000,3.8,28188672,1809396326,2713905644
2025-05-28T12:51:50,7471,5,100.0,7200000,3.8,28188672,1809396326,2713905644
2025-05-28T12:51:51,7471,5,100.0,7200000,3.8,28188672,1809396326,2713905644
2025-05-28T12:51:52,7471,5,100.0,7200000,3.8,28188672,1809396326,2713905644
2025-05-28T12:51:53,7471,5,100.0,7200000,3.8,28188672,1809396326,2713905644
2025-05-28T12:51:54,7471,5,100.0,7200000,3.8,28188672,1809396326,2713905644
2025-05-28T12:51:55,7471,5,100.0,7200000,3.8,28188672,1809396326,2713905644
2025-05-28T12:51:56,7471,5,100.0,7200000,3.8,28188672,1809396326,2713905644
2025-05-28T12:51:57,7471,5,100.0,7200000,3.8,28188672,1809396326,2713905644
2025-05-28T12:51:58,7471,5,100.0,7200000,3.8,28188672,1809396326,2713905644
2025-05-28T12:51:59,7471,5,100.0,7200000,3.8,28188672,1809396326,2713905644
2025-05-28T12:52:00,7471,5,100.0,7200000,3.8,28188672,1809396326,2713905644
2025-05-28T12:52:01,7471,5,100.0,7200000,3.8,28188672,1809396326,2713905644
2025-05-28T12:52:02,7486,5,100.0,7200000,3.81,28188672,1812800906,2719127409
2025-05-28T12:52:03,7486,5,100.0,7200000,3.81,28188672,1812800906,2719127409
2025-05-28T12:52:04,7486,5,100.0,7200000,3.81,28188672,1812800906,2719127409
2025-05-28T12:52:05,7486,5,100.0,7200000,3.81,28188672,1812800906,2719127409
2025-05-28T12:52:06,7486,5,100.0,7200000,3.81,28188672,1812800906,2719127409
2025-05-28T12:52:07,7486,5,100.0,7200000,3.81,28188672,1812800906,2719127409
2025-05-28T12:52:08,7486,5,100.0,7200000,3.81,28188672,1812800906,2719127409
2025-05-28T12:52:09,7486,5,100.0,7200000,3.81,28188672,1812800906,2719127409
2025-05-28T12:52:10,7486,5,100.0,7200000,3.81,28188672,1812800906,2719127409
2025-05-28T12:52:11,7486,5,100.0,7200000,3.81,28188672,1812800906,2719127409
2025-05-28T12:52:12,7486,5,100.0,7200000,3.81,28188672,1812800906,2719127409
2025-05-28T12:52:13,7486,5,100.0,7200000,3.81,28188672,1812800906,2719127409
2025-05-28T12:52:14,7486,5,100.0,7200000,3.81,28188672,1812800906,2719127409
2025-05-28T12:52:15,7486,5,100.0,7200000,3.81,28188672,1812800906,2719127409
2025-05-28T12:52:16,7486,5,100.0,7200000,3.81,28188672,1812800906,2719127409
2025-05-28T12:52:17,7501,5,100.0,7200000,3.81,28188672,1816438335,2724581990
2025-05-28T12:52:18,7501,5,100.0,7200000,3.81,28188672,1816438335,2724581990
2025-05-28T12:52:19,7501,5,100.0,7200000,3.81,28188672,1816438335,2724581990
2025-05-28T12:52:20,7501,5,100.0,7200000,3.81,28188672,1816438335,2724581990
2025-05-28T12:52:21,7501,5,100.0,7200000,3.81,28188672,1816438335,2724581990
2025-05-28T12:52:22,7501,5,100.0,7200000,3.81,28188672,1816438335,2724581990
2025-05-28T12:52:23,7501,5,100.0,7200000,3.81,28188672,1816438335,2724581990
2025-05-28T12:52:24,7501,5,100.0,7200000,3.81,28188672,1816438335,2724581990
2025-05-28T12:52:25,7501,5,100.0,7200000,3.81,28188672,1816438335,2724581990
2025-05-28T12:52:26,7501,5,100.0,7200000,3.81,28188672,1816438335,2724581990
2025-05-28T12:52:27,7501,5,100.0,7200000,3.81,28188672,1816438335,2724581990
2025-05-28T12:52:28,7501,5,100.0,7200000,3.81,28188672,1816438335,2724581990
2025-05-28T12:52:29,7501,5,100.0,7200000,3.81,28188672,1816438335,2724581990
2025-05-28T12:52:30,7501,5,100.0,7200000,3.81,28188672,1816438335,2724581990
2025-05-28T12:52:31,7501,5,100.0,7200000,3.81,28188672,1816438335,2724581990
2025-05-28T12:52:32,7516,5,100.0,7200000,3.81,28188672,1820055857,2730016537
2025-05-28T12:52:33,7516,5,100.0,7200000,3.81,28188672,1820055857,2730016537
2025-05-28T12:52:34,7516,5,100.0,7200000,3.81,28188672,1820055857,2730016537
2025-05-28T12:52:35,7516,5,100.0,7200000,3.81,28188672,1820055857,2730016537
2025-05-28T12:52:36,7516,5,100.0,7200000,3.81,28188672,1820055857,2730016537
2025-05-28T12:52:37,7516,5,100.0,7200000,3.81,28188672,1820055857,2730016537
2025-05-28T12:52:38,7516,5,100.0,7200000,3.81,28188672,1820055857,2730016537
2025-05-28T12:52:39,7516,5,100.0,7200000,3.81,28188672,1820055857,2730016537
2025-05-28T12:52:40,7516,5,100.0,7200000,3.81,28188672,1820055857,2730016537
2025-05-28T12:52:41,7516,5,100.0,7200000,3.81,28188672,1820055857,2730016537
2025-05-28T12:52:42,7516,5,100.0,7200000,3.81,28188672,1820055857,2730016537
2025-05-28T12:52:43,7516,5,100.0,7200000,3.81,28188672,1820055857,2730016537
2025-05-28T12:52:44,7516,5,100.0,7200000,3.81,28188672,1820055857,2730016537
2025-05-28T12:52:45,7516,5,100.0,7200000,3.81,28188672,1820055857,2730016537
2025-05-28T12:52:46,7516,5,100.0,7200000,3.81,28188672,1820055857,2730016537
2025-05-28T12:52:47,7531,5,100.0,7200000,3.82,28454912,1823723907,2735502233
2025-05-28T12:52:48,7531,5,100.0,7200000,3.82,28454912,1823723907,2735502233
2025-05-28T12:52:49,7531,5,100.0,7200000,3.82,28454912,1823723907,2735502233
2025-05-28T12:52:50,7531,5,100.0,7200000,3.82,28454912,1823723907,2735502233
2025-05-28T12:52:51,7531,5,100.0,7200000,3.82,28454912,1823723907,2735502233
2025-05-28T12:52:52,7531,5,100.0,7200000,3.82,28454912,1823723907,2735502233
2025-05-28T12:52:53,7531,5,100.0,7200000,3.82,28454912,1823723907,2735502233
2025-05-28T12:52:54,7531,5,100.0,7200000,3.82,28454912,1823723907,2735502233
2025-05-28T12:52:55,7531,5,100.0,7200000,3.82,28454912,1823723907,2735502233
2025-05-28T12:52:56,7531,5,100.0,7200000,3.82,28454912,1823723907,2735502233
2025-05-28T12:52:57,7531,5,100.0,7200000,3.82,28454912,1823723907,2735502233
2025-05-28T12:52:58,7531,5,100.0,7200000,3.82,28454912,1823723907,2735502233
2025-05-28T12:52:59,7531,5,100.0,7200000,3.82,28454912,1823723907,2735502233
2025-05-28T12:53:00,7531,5,100.0,7200000,3.82,28454912,1823723907,2735502233
2025-05-28T12:53:01,7531,5,100.0,7200000,3.82,28454912,1823723907,2735502233
2025-05-28T12:53:02,7546,5,100.0,7200000,3.82,28454912,1827346095,2740940717
2025-05-28T12:53:03,7546,5,100.0,7200000,3.82,28454912,1827346095,2740940717
2025-05-28T12:53:04,7546,5,100.0,7200000,3.82,28454912,1827346095,2740940717
2025-05-28T12:53:05,7546,5,100.0,7200000,3.82,28454912,1827346095,2740940717
2025-05-28T12:53:06,7546,5,100.0,7200000,3.82,28454912,1827346095,2740940717
2025-05-28T12:53:07,7546,5,100.0,7200000,3.82,28454912,1827346095,2740940717
2025-05-28T12:53:08,7546,5,100.0,7200000,3.82,28454912,1827346095,2740940717
2025-05-28T12:53:09,7546,5,100.0,7200000,3.82,28454912,1827346095,2740940717
2025-05-28T12:53:10,7546,5,100.0,7200000,3.82,28454912,1827346095,2740940717
2025-05-28T12:53:11,7546,5,100.0,7200000,3.82,28454912,1827346095,2740940717
2025-05-28T12:53:12,7546,5,100.0,7200000,3.82,28454912,1827346095,2740940717
2025-05-28T12:53:13,7546,5,100.0,7200000,3.82,28454912,1827346095,2740940717
2025-05-28T12:53:14,7546,5,100.0,7200000,3.82,28454912,1827346095,2740940717
2025-05-28T12:53:15,7546,5,100.0,7200000,3.82,28454912,1827346095,2740940717
2025-05-28T12:53:16,7546,5,100.0,7200000,3.82,28454912,1827346095,2740940717
2025-05-28T12:53:17,7561,5,100.0,7200000,3.82,28454912,1830967610,2746379256
2025-05-28T12:53:18,7561,5,100.0,7200000,3.82,28454912,1830967610,2746379256
2025-05-28T12:53:19,7561,5,100.0,7200000,3.82,28454912,1830967610,2746379256
2025-05-28T12:53:20,7561,5,100.0,7200000,3.82,28454912,1830967610,2746379256
2025-05-28T12:53:21,7561,5,100.0,7200000,3.82,28454912,1830967610,2746379256
2025-05-28T12:53:22,7561,5,100.0,7200000,3.82,28454912,1830967610,2746379256
2025-05-28T12:53:23,7561,5,100.0,7200000,3.82,28454912,1830967610,2746379256
2025-05-28T12:53:24,7561,5,100.0,7200000,3.82,28454912,1830967610,2746379256
2025-05-28T12:53:25,7561,5,100.0,7200000,3.82,28454912,1830967610,2746379256
2025-05-28T12:53:26,7561,5,100.0,7200000,3.82,28454912,1830967610,2746379256
2025-05-28T12:53:27,7561,5,100.0,7200000,3.82,28454912,1830967610,2746379256
2025-05-28T12:53:28,7561,5,100.0,7200000,3.82,28454912,1830967610,2746379256
2025-05-28T12:53:29,7561,5,100.0,7200000,3.82,28454912,1830967610,2746379256
2025-05-28T12:53:30,7561,5,100.0,7200000,3.82,28454912,1830967610,2746379256
2025-05-28T12:53:31,7561,5,100.0,7200000,3.82,28454912,1830967610,2746379256
2025-05-28T12:53:32,7576,5,100.0,7200000,3.83,28454912,1834588845,2751817177
2025-05-28T12:53:33,7576,5,100.0,7200000,3.83,28454912,1834588845,2751817177
2025-05-28T12:53:34,7576,5,100.0,7200000,3.83,28454912,1834588845,2751817177
2025-05-28T12:53:35,7576,5,100.0,7200000,3.83,28454912,1834588845,2751817177
2025-05-28T12:53:36,7576,5,100.0,7200000,3.83,28454912,1834588845,2751817177
2025-05-28T12:53:37,7576,5,100.0,7200000,3.83,28454912,1834588845,2751817177
2025-05-28T12:53:38,7576,5,100.0,7200000,3.83,28454912,1834588845,2751817177
2025-05-28T12:53:39,7576,5,100.0,7200000,3.83,28454912,1834588845,2751817177
2025-05-28T12:53:40,7576,5,100.0,7200000,3.83,28454912,1834588845,2751817177
2025-05-28T12:53:41,7576,5,100.0,7200000,3.83,28454912,1834588845,2751817177
2025-05-28T12:53:42,7576,5,100.0,7200000,3.83,28454912,1834588845,2751817177
2025-05-28T12:53:43,7576,5,100.0,7200000,3.83,28454912,1834588845,2751817177
2025-05-28T12:53:44,7576,5,100.0,7200000,3.83,28454912,1834588845,2751817177
2025-05-28T12:53:45,7576,5,100.0,7200000,3.83,28454912,1834588845,2751817177
2025-05-28T12:53:46,7576,5,100.0,7200000,3.83,28454912,1834588845,2751817177
2025-05-28T12:53:47,7591,5,100.0,7200000,3.84,28725248,1838165414,2757210456
2025-05-28T12:53:48,7591,5,100.0,7200000,3.84,28725248,1838165414,2757210456
2025-05-28T12:53:49,7591,5,100.0,7200000,3.84,28725248,1838165414,2757210456
2025-05-28T12:53:50,7591,5,100.0,7200000,3.84,28725248,1838165414,2757210456
2025-05-28T12:53:51,7591,5,100.0,7200000,3.84,28725248,1838165414,2757210456
2025-05-28T12:53:52,7591,5,100.0,7200000,3.84,28725248,1838165414,2757210456
2025-05-28T12:53:53,7591,5,100.0,7200000,3.84,28725248,1838165414,2757210456
2025-05-28T12:53:54,7591,5,100.0,7200000,3.84,28725248,1838165414,2757210456
2025-05-28T12:53:55,7591,5,100.0,7200000,3.84,28725248,1838165414,2757210456
2025-05-28T12:53:56,7591,5,100.0,7200000,3.84,28725248,1838165414,2757210456
2025-05-28T12:53:57,7591,5,100.0,7200000,3.84,28725248,1838165414,2757210456
2025-05-28T12:53:58,7591,5,100.0,7200000,3.84,28725248,1838165414,2757210456
2025-05-28T12:53:59,7591,5,100.0,7200000,3.84,28725248,1838165414,2757210456
2025-05-28T12:54:00,7591,5,100.0,7200000,3.84,28725248,1838165414,2757210456
2025-05-28T12:54:01,7591,5,100.0,7200000,3.84,28725248,1838165414,2757210456
2025-05-28T12:54:02,7606,5,100.0,7200000,3.84,28725248,1841770481,2762632342
2025-05-28T12:54:03,7606,5,100.0,7200000,3.84,28725248,1841770481,2762632342
2025-05-28T12:54:04,7606,5,100.0,7200000,3.84,28725248,1841770481,2762632342
2025-05-28T12:54:05,7606,5,100.0,7200000,3.84,28725248,1841770481,2762632342
2025-05-28T12:54:06,7606,5,100.0,7200000,3.84,28725248,1841770481,2762632342
2025-05-28T12:54:07,7606,5,100.0,7200000,3.84,28725248,1841770481,2762632342
2025-05-28T12:54:08,7606,5,100.0,7200000,3.84,28725248,1841770481,2762632342
2025-05-28T12:54:09,7606,5,100.0,7200000,3.84,28725248,1841770481,2762632342
2025-05-28T12:54:10,7606,5,100.0,7200000,3.84,28725248,1841770481,2762632342
2025-05-28T12:54:11,7606,5,100.0,7200000,3.84,28725248,1841770481,2762632342
2025-05-28T12:54:12,7606,5,100.0,7200000,3.84,28725248,1841770481,2762632342
2025-05-28T12:54:13,7606,5,100.0,7200000,3.84,28725248,1841770481,2762632342
2025-05-28T12:54:14,7606,5,100.0,7200000,3.84,28725248,1841770481,2762632342
2025-05-28T12:54:15,7606,5,100.0,7200000,3.84,28725248,1841770481,2762632342
2025-05-28T12:54:16,7606,5,100.0,7200000,3.84,28725248,1841770481,2762632342
2025-05-28T12:54:17,7621,5,100.0,7200000,3.85,28725248,1845453835,2768132357
2025-05-28T12:54:18,7621,5,100.0,7200000,3.85,28725248,1845453835,2768132357
2025-05-28T12:54:19,7621,5,100.0,7200000,3.85,28725248,1845453835,2768132357
2025-05-28T12:54:20,7621,5,100.0,7200000,3.85,28725248,1845453835,2768132357
2025-05-28T12:54:21,7621,5,100.0,7200000,3.85,28725248,1845453835,2768132357
2025-05-28T12:54:22,7621,5,100.0,7200000,3.85,28725248,1845453835,2768132357
2025-05-28T12:54:23,7621,5,100.0,7200000,3.85,28725248,1845453835,2768132357
2025-05-28T12:54:24,7621,5,100.0,7200000,3.85,28725248,1845453835,2768132357
2025-05-28T12:54:25,7621,5,100.0,7200000,3.85,28725248,1845453835,2768132357
2025-05-28T12:54:26,7621,5,100.0,7200000,3.85,28725248,1845453835,2768132357
2025-05-28T12:54:27,7621,5,100.0,7200000,3.85,28725248,1845453835,2768132357
2025-05-28T12:54:28,7621,5,100.0,7200000,3.85,28725248,1845453835,2768132357
2025-05-28T12:54:29,7621,5,100.0,7200000,3.85,28725248,1845453835,2768132357
2025-05-28T12:54:30,7621,5,100.0,7200000,3.85,28725248,1845453835,2768132357
2025-05-28T12:54:31,7621,5,100.0,7200000,3.85,28725248,1845453835,2768132357
2025-05-28T12:54:32,7636,5,100.0,7200000,3.85,28725248,1849030559,2773525272
2025-05-28T12:54:33,7636,5,100.0,7200000,3.85,28725248,1849030559,2773525272
2025-05-28T12:54:34,7636,5,100.0,7200000,3.85,28725248,1849030559,2773525272
2025-05-28T12:54:35,7636,5,100.0,7200000,3.85,28725248,1849030559,2773525272
2025-05-28T12:54:36,7636,5,100.0,7200000,3.85,28725248,1849030559,2773525272
2025-05-28T12:54:37,7636,5,100.0,7200000,3.85,28725248,1849030559,2773525272
2025-05-28T12:54:38,7636,5,100.0,7200000,3.85,28725248,1849030559,2773525272
2025-05-28T12:54:39,7636,5,100.0,7200000,3.85,28725248,1849030559,2773525272
2025-05-28T12:54:40,7636,5,100.0,7200000,3.85,28725248,1849030559,2773525272
2025-05-28T12:54:41,7636,5,100.0,7200000,3.85,28725248,1849030559,2773525272
2025-05-28T12:54:42,7636,5,100.0,7200000,3.85,28725248,1849030559,2773525272
2025-05-28T12:54:43,7636,5,100.0,7200000,3.85,28725248,1849030559,2773525272
2025-05-28T12:54:44,7636,5,100.0,7200000,3.85,28725248,1849030559,2773525272
2025-05-28T12:54:45,7636,5,100.0,7200000,3.85,28725248,1849030559,2773525272
2025-05-28T12:54:46,7636,5,100.0,7200000,3.85,28725248,1849030559,2773525272
2025-05-28T12:54:47,7651,5,100.0,7200000,3.86,28725248,1852274873,2778586425
2025-05-28T12:54:48,7651,5,100.0,7200000,3.86,28725248,1852274873,2778586425
2025-05-28T12:54:49,7651,5,100.0,7200000,3.86,28725248,1852274873,2778586425
2025-05-28T12:54:50,7651,5,100.0,7200000,3.86,28725248,1852274873,2778586425
2025-05-28T12:54:51,7651,5,100.0,7200000,3.86,28725248,1852274873,2778586425
2025-05-28T12:54:52,7651,5,100.0,7200000,3.86,28725248,1852274873,2778586425
2025-05-28T12:54:53,7651,5,100.0,7200000,3.86,28725248,1852274873,2778586425
2025-05-28T12:54:54,7651,5,100.0,7200000,3.86,28725248,1852274873,2778586425
2025-05-28T12:54:55,7651,5,100.0,7200000,3.86,28725248,1852274873,2778586425
2025-05-28T12:54:56,7651,5,100.0,7200000,3.86,28725248,1852274873,2778586425
2025-05-28T12:54:57,7651,5,100.0,7200000,3.86,28725248,1852274873,2778586425
2025-05-28T12:54:58,7651,5,100.0,7200000,3.86,28725248,1852274873,2778586425
2025-05-28T12:54:59,7651,5,100.0,7200000,3.86,28725248,1852274873,2778586425
2025-05-28T12:55:00,7651,5,100.0,7200000,3.86,28725248,1852274873,2778586425
2025-05-28T12:55:01,7651,5,100.0,7200000,3.86,28725248,1852274873,2778586425
2025-05-28T12:55:02,7666,5,100.0,7200000,3.86,28725248,1855945475,2784073848
2025-05-28T12:55:03,7666,5,100.0,7200000,3.86,28725248,1855945475,2784073848
2025-05-28T12:55:04,7666,5,100.0,7200000,3.86,28725248,1855945475,2784073848
2025-05-28T12:55:05,7666,5,100.0,7200000,3.86,28725248,1855945475,2784073848
2025-05-28T12:55:06,7666,5,100.0,7200000,3.86,28725248,1855945475,2784073848
2025-05-28T12:55:07,7666,5,100.0,7200000,3.86,28725248,1855945475,2784073848
2025-05-28T12:55:08,7666,5,100.0,7200000,3.86,28725248,1855945475,2784073848
2025-05-28T12:55:09,7666,5,100.0,7200000,3.86,28725248,1855945475,2784073848
2025-05-28T12:55:10,7666,5,100.0,7200000,3.86,28725248,1855945475,2784073848
2025-05-28T12:55:11,7666,5,100.0,7200000,3.86,28725248,1855945475,2784073848
2025-05-28T12:55:12,7666,5,100.0,7200000,3.86,28725248,1855945475,2784073848
2025-05-28T12:55:13,7666,5,100.0,7200000,3.86,28725248,1855945475,2784073848
2025-05-28T12:55:14,7666,5,100.0,7200000,3.86,28725248,1855945475,2784073848
2025-05-28T12:55:15,7666,5,100.0,7200000,3.86,28725248,1855945475,2784073848
2025-05-28T12:55:16,7666,5,100.0,7200000,3.86,28725248,1855945475,2784073848
2025-05-28T12:55:17,7681,5,100.0,7200000,3.86,28725248,1859940430,2789885517
2025-05-28T12:55:18,7681,5,100.0,7200000,3.86,28725248,1859940430,2789885517
2025-05-28T12:55:19,7681,5,100.0,7200000,3.86,28725248,1859940430,2789885517
2025-05-28T12:55:20,7681,5,100.0,7200000,3.86,28725248,1859940430,2789885517
2025-05-28T12:55:21,7681,5,100.0,7200000,3.86,28725248,1859940430,2789885517
2025-05-28T12:55:22,7681,5,100.0,7200000,3.86,28725248,1859940430,2789885517
2025-05-28T12:55:23,7681,5,100.0,7200000,3.86,28725248,1859940430,2789885517
2025-05-28T12:55:24,7681,5,100.0,7200000,3.86,28725248,1859940430,2789885517
2025-05-28T12:55:25,7681,5,100.0,7200000,3.86,28725248,1859940430,2789885517
2025-05-28T12:55:26,7681,5,100.0,7200000,3.86,28725248,1859940430,2789885517
2025-05-28T12:55:27,7681,5,100.0,7200000,3.86,28725248,1859940430,2789885517
2025-05-28T12:55:28,7681,5,100.0,7200000,3.86,28725248,1859940430,2789885517
2025-05-28T12:55:29,7681,5,100.0,7200000,3.86,28725248,1859940430,2789885517
2025-05-28T12:55:30,7681,5,100.0,7200000,3.86,28725248,1859940430,2789885517
2025-05-28T12:55:31,7681,5,100.0,7200000,3.86,28725248,1859940430,2789885517
2025-05-28T12:55:32,7696,5,100.0,7200000,3.87,28725248,1863561840,2795323641
2025-05-28T12:55:33,7696,5,100.0,7200000,3.87,28725248,1863561840,2795323641
2025-05-28T12:55:34,7696,5,100.0,7200000,3.87,28725248,1863561840,2795323641
2025-05-28T12:55:35,7696,5,100.0,7200000,3.87,28725248,1863561840,2795323641
2025-05-28T12:55:36,7696,5,100.0,7200000,3.87,28725248,1863561840,2795323641
2025-05-28T12:55:37,7696,5,100.0,7200000,3.87,28725248,1863561840,2795323641
2025-05-28T12:55:38,7696,5,100.0,7200000,3.87,28725248,1863561840,2795323641
2025-05-28T12:55:39,7696,5,100.0,7200000,3.87,28725248,1863561840,2795323641
2025-05-28T12:55:40,7696,5,100.0,7200000,3.87,28725248,1863561840,2795323641
2025-05-28T12:55:41,7696,5,100.0,7200000,3.87,28725248,1863561840,2795323641
2025-05-28T12:55:42,7696,5,100.0,7200000,3.87,28725248,1863561840,2795323641
2025-05-28T12:55:43,7696,5,100.0,7200000,3.87,28725248,1863561840,2795323641
2025-05-28T12:55:44,7696,5,100.0,7200000,3.87,28725248,1863561840,2795323641
2025-05-28T12:55:45,7696,5,100.0,7200000,3.87,28725248,1863561840,2795323641
2025-05-28T12:55:46,7696,5,100.0,7200000,3.87,28725248,1863561840,2795323641
2025-05-28T12:55:47,7711,5,100.0,7200000,3.87,28725248,1867183467,2800762034
2025-05-28T12:55:48,7711,5,100.0,7200000,3.87,28725248,1867183467,2800762034
2025-05-28T12:55:49,7711,5,100.0,7200000,3.87,28725248,1867183467,2800762034
2025-05-28T12:55:50,7711,5,100.0,7200000,3.87,28725248,1867183467,2800762034
2025-05-28T12:55:51,7711,5,100.0,7200000,3.87,28725248,1867183467,2800762034
2025-05-28T12:55:52,7711,5,100.0,7200000,3.87,28725248,1867183467,2800762034
2025-05-28T12:55:53,7711,5,100.0,7200000,3.87,28725248,1867183467,2800762034
2025-05-28T12:55:54,7711,5,100.0,7200000,3.87,28725248,1867183467,2800762034
2025-05-28T12:55:55,7711,5,100.0,7200000,3.87,28725248,1867183467,2800762034
2025-05-28T12:55:56,7711,5,100.0,7200000,3.87,28725248,1867183467,2800762034
2025-05-28T12:55:57,7711,5,100.0,7200000,3.87,28725248,1867183467,2800762034
2025-05-28T12:55:58,7711,5,100.0,7200000,3.87,28725248,1867183467,2800762034
2025-05-28T12:55:59,7711,5,100.0,7200000,3.87,28725248,1867183467,2800762034
2025-05-28T12:56:00,7711,5,100.0,7200000,3.87,28725248,1867183467,2800762034
2025-05-28T12:56:01,7711,5,100.0,7200000,3.87,28725248,1867183467,2800762034
2025-05-28T12:56:02,7726,5,100.0,7200000,3.88,28725248,1870804693,2806200207
2025-05-28T12:56:03,7726,5,100.0,7200000,3.88,28725248,1870804693,2806200207
2025-05-28T12:56:04,7726,5,100.0,7200000,3.88,28725248,1870804693,2806200207
2025-05-28T12:56:05,7726,5,100.0,7200000,3.88,28725248,1870804693,2806200207
2025-05-28T12:56:06,7726,5,100.0,7200000,3.88,28725248,1870804693,2806200207
2025-05-28T12:56:07,7726,5,100.0,7200000,3.88,28725248,1870804693,2806200207
2025-05-28T12:56:08,7726,5,100.0,7200000,3.88,28725248,1870804693,2806200207
2025-05-28T12:56:09,7726,5,100.0,7200000,3.88,28725248,1870804693,2806200207
2025-05-28T12:56:10,7726,5,100.0,7200000,3.88,28725248,1870804693,2806200207
2025-05-28T12:56:11,7726,5,100.0,7200000,3.88,28725248,1870804693,2806200207
2025-05-28T12:56:12,7726,5,100.0,7200000,3.88,28725248,1870804693,2806200207
2025-05-28T12:56:13,7726,5,100.0,7200000,3.88,28725248,1870804693,2806200207
2025-05-28T12:56:14,7726,5,100.0,7200000,3.88,28725248,1870804693,2806200207
2025-05-28T12:56:15,7726,5,100.0,7200000,3.88,28725248,1870804693,2806200207
2025-05-28T12:56:16,7726,5,100.0,7200000,3.88,28725248,1870804693,2806200207
2025-05-28T12:56:17,7741,5,100.0,7200000,3.88,28987392,1874364994,2811576908
2025-05-28T12:56:18,7741,5,100.0,7200000,3.88,28987392,1874364994,2811576908
2025-05-28T12:56:19,7741,5,100.0,7200000,3.88,28987392,1874364994,2811576908
2025-05-28T12:56:20,7741,5,100.0,7200000,3.88,28987392,1874364994,2811576908
2025-05-28T12:56:21,7741,5,100.0,7200000,3.88,28987392,1874364994,2811576908
2025-05-28T12:56:22,7741,5,100.0,7200000,3.88,28987392,1874364994,2811576908
2025-05-28T12:56:23,7741,5,100.0,7200000,3.88,28987392,1874364994,2811576908
2025-05-28T12:56:24,7741,5,100.0,7200000,3.88,28987392,1874364994,2811576908
2025-05-28T12:56:25,7741,5,100.0,7200000,3.88,28987392,1874364994,2811576908
2025-05-28T12:56:26,7741,5,100.0,7200000,3.88,28987392,1874364994,2811576908
2025-05-28T12:56:27,7741,5,100.0,7200000,3.88,28987392,1874364994,2811576908
2025-05-28T12:56:28,7741,5,100.0,7200000,3.88,28987392,1874364994,2811576908
2025-05-28T12:56:29,7741,5,100.0,7200000,3.88,28987392,1874364994,2811576908
2025-05-28T12:56:30,7741,5,100.0,7200000,3.88,28987392,1874364994,2811576908
2025-05-28T12:56:31,7741,5,100.0,7200000,3.88,28987392,1874364994,2811576908
2025-05-28T12:56:32,7756,5,100.0,7200000,3.89,28987392,1877916729,2816945360
2025-05-28T12:56:33,7756,5,100.0,7200000,3.89,28987392,1877916729,2816945360
2025-05-28T12:56:34,7756,5,100.0,7200000,3.89,28987392,1877916729,2816945360
2025-05-28T12:56:35,7756,5,100.0,7200000,3.89,28987392,1877916729,2816945360
2025-05-28T12:56:36,7756,5,100.0,7200000,3.89,28987392,1877916729,2816945360
2025-05-28T12:56:37,7756,5,100.0,7200000,3.89,28987392,1877916729,2816945360
2025-05-28T12:56:38,7756,5,100.0,7200000,3.89,28987392,1877916729,2816945360
2025-05-28T12:56:39,7756,5,100.0,7200000,3.89,28987392,1877916729,2816945360
2025-05-28T12:56:40,7756,5,100.0,7200000,3.89,28987392,1877916729,2816945360
2025-05-28T12:56:41,7756,5,100.0,7200000,3.89,28987392,1877916729,2816945360
2025-05-28T12:56:42,7756,5,100.0,7200000,3.89,28987392,1877916729,2816945360
2025-05-28T12:56:43,7756,5,100.0,7200000,3.89,28987392,1877916729,2816945360
2025-05-28T12:56:44,7756,5,100.0,7200000,3.89,28987392,1877916729,2816945360
2025-05-28T12:56:45,7756,5,100.0,7200000,3.89,28987392,1877916729,2816945360
2025-05-28T12:56:46,7756,5,100.0,7200000,3.89,28987392,1877916729,2816945360
2025-05-28T12:56:47,7771,5,100.0,7200000,3.9,28987392,1881607580,2822453133
2025-05-28T12:56:48,7771,5,100.0,7200000,3.9,28987392,1881607580,2822453133
2025-05-28T12:56:49,7771,5,100.0,7200000,3.9,28987392,1881607580,2822453133
2025-05-28T12:56:50,7771,5,100.0,7200000,3.9,28987392,1881607580,2822453133
2025-05-28T12:56:51,7771,5,100.0,7200000,3.9,28987392,1881607580,2822453133
2025-05-28T12:56:52,7771,5,100.0,7200000,3.9,28987392,1881607580,2822453133
2025-05-28T12:56:53,7771,5,100.0,7200000,3.9,28987392,1881607580,2822453133
2025-05-28T12:56:54,7771,5,100.0,7200000,3.9,28987392,1881607580,2822453133
2025-05-28T12:56:55,7771,5,100.0,7200000,3.9,28987392,1881607580,2822453133
2025-05-28T12:56:56,7771,5,100.0,7200000,3.9,28987392,1881607580,2822453133
2025-05-28T12:56:57,7771,5,100.0,7200000,3.9,28987392,1881607580,2822453133
2025-05-28T12:56:58,7771,5,100.0,7200000,3.9,28987392,1881607580,2822453133
2025-05-28T12:56:59,7771,5,100.0,7200000,3.9,28987392,1881607580,2822453133
2025-05-28T12:57:00,7771,5,100.0,7200000,3.9,28987392,1881607580,2822453133
2025-05-28T12:57:01,7771,5,100.0,7200000,3.9,28987392,1881607580,2822453133
2025-05-28T12:57:02,7786,5,100.0,7200000,3.9,28987392,1885290657,2827953028
2025-05-28T12:57:03,7786,5,100.0,7200000,3.9,28987392,1885290657,2827953028
2025-05-28T12:57:04,7786,5,100.0,7200000,3.9,28987392,1885290657,2827953028
2025-05-28T12:57:05,7786,5,100.0,7200000,3.9,28987392,1885290657,2827953028
2025-05-28T12:57:06,7786,5,100.0,7200000,3.9,28987392,1885290657,2827953028
2025-05-28T12:57:07,7786,5,100.0,7200000,3.9,28987392,1885290657,2827953028
2025-05-28T12:57:08,7786,5,100.0,7200000,3.9,28987392,1885290657,2827953028
2025-05-28T12:57:09,7786,5,100.0,7200000,3.9,28987392,1885290657,2827953028
2025-05-28T12:57:10,7786,5,100.0,7200000,3.9,28987392,1885290657,2827953028
2025-05-28T12:57:11,7786,5,100.0,7200000,3.9,28987392,1885290657,2827953028
2025-05-28T12:57:12,7786,5,100.0,7200000,3.9,28987392,1885290657,2827953028
2025-05-28T12:57:13,7786,5,100.0,7200000,3.9,28987392,1885290657,2827953028
2025-05-28T12:57:14,7786,5,100.0,7200000,3.9,28987392,1885290657,2827953028
2025-05-28T12:57:15,7786,5,100.0,7200000,3.9,28987392,1885290657,2827953028
2025-05-28T12:57:16,7786,5,100.0,7200000,3.9,28987392,1885290657,2827953028
2025-05-28T12:57:17,7801,5,100.0,7200000,3.9,28987392,1888862814,2833342337
2025-05-28T12:57:18,7801,5,100.0,7200000,3.9,28987392,1888862814,2833342337
2025-05-28T12:57:19,7801,5,100.0,7200000,3.9,28987392,1888862814,2833342337
2025-05-28T12:57:20,7801,5,100.0,7200000,3.9,28987392,1888862814,2833342337
2025-05-28T12:57:21,7801,5,100.0,7200000,3.9,28987392,1888862814,2833342337
2025-05-28T12:57:22,7801,5,100.0,7200000,3.9,28987392,1888862814,2833342337
2025-05-28T12:57:23,7801,5,100.0,7200000,3.9,28987392,1888862814,2833342337
2025-05-28T12:57:24,7801,5,100.0,7200000,3.9,28987392,1888862814,2833342337
2025-05-28T12:57:25,7801,5,100.0,7200000,3.9,28987392,1888862814,2833342337
2025-05-28T12:57:26,7801,5,100.0,7200000,3.9,28987392,1888862814,2833342337
2025-05-28T12:57:27,7801,5,100.0,7200000,3.9,28987392,1888862814,2833342337
2025-05-28T12:57:28,7801,5,100.0,7200000,3.9,28987392,1888862814,2833342337
2025-05-28T12:57:29,7801,5,100.0,7200000,3.9,28987392,1888862814,2833342337
2025-05-28T12:57:30,7801,5,100.0,7200000,3.9,28987392,1888862814,2833342337
2025-05-28T12:57:31,7801,5,100.0,7200000,3.9,28987392,1888862814,2833342337
2025-05-28T12:57:32,7816,5,100.0,7200000,3.9,28987392,1892533838,2838829920
2025-05-28T12:57:33,7816,5,100.0,7200000,3.9,28987392,1892533838,2838829920
2025-05-28T12:57:34,7816,5,100.0,7200000,3.9,28987392,1892533838,2838829920
2025-05-28T12:57:35,7816,5,100.0,7200000,3.9,28987392,1892533838,2838829920
2025-05-28T12:57:36,7816,5,100.0,7200000,3.9,28987392,1892533838,2838829920
2025-05-28T12:57:37,7816,5,100.0,7200000,3.9,28987392,1892533838,2838829920
2025-05-28T12:57:38,7816,5,100.0,7200000,3.9,28987392,1892533838,2838829920
2025-05-28T12:57:39,7816,5,100.0,7200000,3.9,28987392,1892533838,2838829920
2025-05-28T12:57:40,7816,5,100.0,7200000,3.9,28987392,1892533838,2838829920
2025-05-28T12:57:41,7816,5,100.0,7200000,3.9,28987392,1892533838,2838829920
2025-05-28T12:57:42,7816,5,100.0,7200000,3.9,28987392,1892533838,2838829920
2025-05-28T12:57:43,7816,5,100.0,7200000,3.9,28987392,1892533838,2838829920
2025-05-28T12:57:44,7816,5,100.0,7200000,3.9,28987392,1892533838,2838829920
2025-05-28T12:57:45,7816,5,100.0,7200000,3.9,28987392,1892533838,2838829920
2025-05-28T12:57:46,7816,5,100.0,7200000,3.9,28987392,1892533838,2838829920
2025-05-28T12:57:47,7831,5,100.0,7200000,3.91,28987392,1896155628,2844268268
2025-05-28T12:57:48,7831,5,100.0,7200000,3.91,28987392,1896155628,2844268268
2025-05-28T12:57:49,7831,5,100.0,7200000,3.91,28987392,1896155628,2844268268
2025-05-28T12:57:50,7831,5,100.0,7200000,3.91,28987392,1896155628,2844268268
2025-05-28T12:57:51,7831,5,100.0,7200000,3.91,28987392,1896155628,2844268268
2025-05-28T12:57:52,7831,5,100.0,7200000,3.91,28987392,1896155628,2844268268
2025-05-28T12:57:53,7831,5,100.0,7200000,3.91,28987392,1896155628,2844268268
2025-05-28T12:57:54,7831,5,100.0,7200000,3.91,28987392,1896155628,2844268268
2025-05-28T12:57:55,7831,5,100.0,7200000,3.91,28987392,1896155628,2844268268
2025-05-28T12:57:56,7831,5,100.0,7200000,3.91,28987392,1896155628,2844268268
2025-05-28T12:57:57,7831,5,100.0,7200000,3.91,28987392,1896155628,2844268268
2025-05-28T12:57:58,7831,5,100.0,7200000,3.91,28987392,1896155628,2844268268
2025-05-28T12:57:59,7831,5,100.0,7200000,3.91,28987392,1896155628,2844268268
2025-05-28T12:58:00,7831,5,100.0,7200000,3.91,28987392,1896155628,2844268268
2025-05-28T12:58:01,7831,5,100.0,7200000,3.91,28987392,1896155628,2844268268
2025-05-28T12:58:02,7846,5,100.0,7200000,3.92,28987392,1899338074,2849267792
2025-05-28T12:58:03,7846,5,100.0,7200000,3.92,28987392,1899338074,2849267792
2025-05-28T12:58:04,7846,5,100.0,7200000,3.92,28987392,1899338074,2849267792
2025-05-28T12:58:05,7846,5,100.0,7200000,3.92,28987392,1899338074,2849267792
2025-05-28T12:58:06,7846,5,100.0,7200000,3.92,28987392,1899338074,2849267792
2025-05-28T12:58:07,7846,5,100.0,7200000,3.92,28987392,1899338074,2849267792
2025-05-28T12:58:08,7846,5,100.0,7200000,3.92,28987392,1899338074,2849267792
2025-05-28T12:58:09,7846,5,100.0,7200000,3.92,28987392,1899338074,2849267792
2025-05-28T12:58:10,7846,5,100.0,7200000,3.92,28987392,1899338074,2849267792
2025-05-28T12:58:11,7846,5,100.0,7200000,3.92,28987392,1899338074,2849267792
2025-05-28T12:58:12,7846,5,100.0,7200000,3.92,28987392,1899338074,2849267792
2025-05-28T12:58:13,7846,5,100.0,7200000,3.92,28987392,1899338074,2849267792
2025-05-28T12:58:14,7846,5,100.0,7200000,3.92,28987392,1899338074,2849267792
2025-05-28T12:58:15,7846,5,100.0,7200000,3.92,28987392,1899338074,2849267792
2025-05-28T12:58:16,7846,5,100.0,7200000,3.92,28987392,1899338074,2849267792
2025-05-28T12:58:17,7861,5,100.0,7200000,3.92,28987392,1903336426,2855083165
2025-05-28T12:58:18,7861,5,100.0,7200000,3.92,28987392,1903336426,2855083165
2025-05-28T12:58:19,7861,5,100.0,7200000,3.92,28987392,1903336426,2855083165
2025-05-28T12:58:20,7861,5,100.0,7200000,3.92,28987392,1903336426,2855083165
2025-05-28T12:58:21,7861,5,100.0,7200000,3.92,28987392,1903336426,2855083165
2025-05-28T12:58:22,7861,5,100.0,7200000,3.92,28987392,1903336426,2855083165
2025-05-28T12:58:23,7861,5,100.0,7200000,3.92,28987392,1903336426,2855083165
2025-05-28T12:58:24,7861,5,100.0,7200000,3.92,28987392,1903336426,2855083165
2025-05-28T12:58:25,7861,5,100.0,7200000,3.92,28987392,1903336426,2855083165
2025-05-28T12:58:26,7861,5,100.0,7200000,3.92,28987392,1903336426,2855083165
2025-05-28T12:58:27,7861,5,100.0,7200000,3.92,28987392,1903336426,2855083165
2025-05-28T12:58:28,7861,5,100.0,7200000,3.92,28987392,1903336426,2855083165
2025-05-28T12:58:29,7861,5,100.0,7200000,3.92,28987392,1903336426,2855083165
2025-05-28T12:58:30,7861,5,100.0,7200000,3.92,28987392,1903336426,2855083165
2025-05-28T12:58:31,7861,5,100.0,7200000,3.92,28987392,1903336426,2855083165
2025-05-28T12:58:32,7876,5,100.0,7200000,3.93,28987392,1907019246,2860583137
2025-05-28T12:58:33,7876,5,100.0,7200000,3.93,28987392,1907019246,2860583137
2025-05-28T12:58:34,7876,5,100.0,7200000,3.93,28987392,1907019246,2860583137
2025-05-28T12:58:35,7876,5,100.0,7200000,3.93,28987392,1907019246,2860583137
2025-05-28T12:58:36,7876,5,100.0,7200000,3.93,28987392,1907019246,2860583137
2025-05-28T12:58:37,7876,5,100.0,7200000,3.93,28987392,1907019246,2860583137
2025-05-28T12:58:38,7876,5,100.0,7200000,3.93,28987392,1907019246,2860583137
2025-05-28T12:58:39,7876,5,100.0,7200000,3.93,28987392,1907019246,2860583137
2025-05-28T12:58:40,7876,5,100.0,7200000,3.93,28987392,1907019246,2860583137
2025-05-28T12:58:41,7876,5,100.0,7200000,3.93,28987392,1907019246,2860583137
2025-05-28T12:58:42,7876,5,100.0,7200000,3.93,28987392,1907019246,2860583137
2025-05-28T12:58:43,7876,5,100.0,7200000,3.93,28987392,1907019246,2860583137
2025-05-28T12:58:44,7876,5,100.0,7200000,3.93,28987392,1907019246,2860583137
2025-05-28T12:58:45,7876,5,100.0,7200000,3.93,28987392,1907019246,2860583137
2025-05-28T12:58:46,7876,5,100.0,7200000,3.93,28987392,1907019246,2860583137
2025-05-28T12:58:47,7891,5,100.0,7200000,3.93,28987392,1910579444,2865959838
2025-05-28T12:58:48,7891,5,100.0,7200000,3.93,28987392,1910579444,2865959838
2025-05-28T12:58:49,7891,5,100.0,7200000,3.93,28987392,1910579444,2865959838
2025-05-28T12:58:50,7891,5,100.0,7200000,3.93,28987392,1910579444,2865959838
2025-05-28T12:58:51,7891,5,100.0,7200000,3.93,28987392,1910579444,2865959838
2025-05-28T12:58:52,7891,5,100.0,7200000,3.93,28987392,1910579444,2865959838
2025-05-28T12:58:53,7891,5,100.0,7200000,3.93,28987392,1910579444,2865959838
2025-05-28T12:58:54,7891,5,100.0,7200000,3.93,28987392,1910579444,2865959838
2025-05-28T12:58:55,7891,5,100.0,7200000,3.93,28987392,1910579444,2865959838
2025-05-28T12:58:56,7891,5,100.0,7200000,3.93,28987392,1910579444,2865959838
2025-05-28T12:58:57,7891,5,100.0,7200000,3.93,28987392,1910579444,2865959838
2025-05-28T12:58:58,7891,5,100.0,7200000,3.93,28987392,1910579444,2865959838
2025-05-28T12:58:59,7891,5,100.0,7200000,3.93,28987392,1910579444,2865959838
2025-05-28T12:59:00,7891,5,100.0,7200000,3.93,28987392,1910579444,2865959838
2025-05-28T12:59:01,7891,5,100.0,7200000,3.93,28987392,1910579444,2865959838
2025-05-28T12:59:02,7906,5,100.0,7200000,3.93,28987392,1914217176,2871414440
2025-05-28T12:59:03,7906,5,100.0,7200000,3.93,28987392,1914217176,2871414440
2025-05-28T12:59:04,7906,5,100.0,7200000,3.93,28987392,1914217176,2871414440
2025-05-28T12:59:05,7906,5,100.0,7200000,3.93,28987392,1914217176,2871414440
2025-05-28T12:59:06,7906,5,100.0,7200000,3.93,28987392,1914217176,2871414440
2025-05-28T12:59:07,7906,5,100.0,7200000,3.93,28987392,1914217176,2871414440
2025-05-28T12:59:08,7906,5,100.0,7200000,3.93,28987392,1914217176,2871414440
2025-05-28T12:59:09,7906,5,100.0,7200000,3.93,28987392,1914217176,2871414440
2025-05-28T12:59:10,7906,5,100.0,7200000,3.93,28987392,1914217176,2871414440
2025-05-28T12:59:11,7906,5,100.0,7200000,3.93,28987392,1914217176,2871414440
2025-05-28T12:59:12,7906,5,100.0,7200000,3.93,28987392,1914217176,2871414440
2025-05-28T12:59:13,7906,5,100.0,7200000,3.93,28987392,1914217176,2871414440
2025-05-28T12:59:14,7906,5,100.0,7200000,3.93,28987392,1914217176,2871414440
2025-05-28T12:59:15,7906,5,100.0,7200000,3.93,28987392,1914217176,2871414440
2025-05-28T12:59:16,7906,5,100.0,7200000,3.93,28987392,1914217176,2871414440
2025-05-28T12:59:17,7921,5,100.0,7200000,3.93,28987392,1918019411,2877033441
2025-05-28T12:59:18,7921,5,100.0,7200000,3.93,28987392,1918019411,2877033441
2025-05-28T12:59:19,7921,5,100.0,7200000,3.93,28987392,1918019411,2877033441
2025-05-28T12:59:20,7921,5,100.0,7200000,3.93,28987392,1918019411,2877033441
2025-05-28T12:59:21,7921,5,100.0,7200000,3.93,28987392,1918019411,2877033441
2025-05-28T12:59:22,7921,5,100.0,7200000,3.93,28987392,1918019411,2877033441
2025-05-28T12:59:23,7921,5,100.0,7200000,3.93,28987392,1918019411,2877033441
2025-05-28T12:59:24,7921,5,100.0,7200000,3.93,28987392,1918019411,2877033441
2025-05-28T12:59:25,7921,5,100.0,7200000,3.93,28987392,1918019411,2877033441
2025-05-28T12:59:26,7921,5,100.0,7200000,3.93,28987392,1918019411,2877033441
2025-05-28T12:59:27,7921,5,100.0,7200000,3.93,28987392,1918019411,2877033441
2025-05-28T12:59:28,7921,5,100.0,7200000,3.93,28987392,1918019411,2877033441
2025-05-28T12:59:29,7921,5,100.0,7200000,3.93,28987392,1918019411,2877033441
2025-05-28T12:59:30,7921,5,100.0,7200000,3.93,28987392,1918019411,2877033441
2025-05-28T12:59:31,7921,5,100.0,7200000,3.93,28987392,1918019411,2877033441
2025-05-28T12:59:32,7936,5,100.0,7200000,3.94,28987392,1921505725,2882336158
2025-05-28T12:59:33,7936,5,100.0,7200000,3.94,28987392,1921505725,2882336158
2025-05-28T12:59:34,7936,5,100.0,7200000,3.94,28987392,1921505725,2882336158
2025-05-28T12:59:35,7936,5,100.0,7200000,3.94,28987392,1921505725,2882336158
2025-05-28T12:59:36,7936,5,100.0,7200000,3.94,28987392,1921505725,2882336158
2025-05-28T12:59:37,7936,5,100.0,7200000,3.94,28987392,1921505725,2882336158
2025-05-28T12:59:38,7936,5,100.0,7200000,3.94,28987392,1921505725,2882336158
2025-05-28T12:59:39,7936,5,100.0,7200000,3.94,28987392,1921505725,2882336158
2025-05-28T12:59:40,7936,5,100.0,7200000,3.94,28987392,1921505725,2882336158
2025-05-28T12:59:41,7936,5,100.0,7200000,3.94,28987392,1921505725,2882336158
2025-05-28T12:59:42,7936,5,100.0,7200000,3.94,28987392,1921505725,2882336158
2025-05-28T12:59:43,7936,5,100.0,7200000,3.94,28987392,1921505725,2882336158
2025-05-28T12:59:44,7936,5,100.0,7200000,3.94,28987392,1921505725,2882336158
2025-05-28T12:59:45,7936,5,100.0,7200000,3.94,28987392,1921505725,2882336158
2025-05-28T12:59:46,7936,5,100.0,7200000,3.94,28987392,1921505725,2882336158
2025-05-28T12:59:47,7951,5,100.0,7200000,3.95,28987392,1925127707,2887774880
2025-05-28T12:59:48,7951,5,100.0,7200000,3.95,28987392,1925127707,2887774880
2025-05-28T12:59:49,7951,5,100.0,7200000,3.95,28987392,1925127707,2887774880
2025-05-28T12:59:50,7951,5,100.0,7200000,3.95,28987392,1925127707,2887774880
2025-05-28T12:59:51,7951,5,100.0,7200000,3.95,28987392,1925127707,2887774880
2025-05-28T12:59:52,7951,5,100.0,7200000,3.95,28987392,1925127707,2887774880
2025-05-28T12:59:53,7951,5,100.0,7200000,3.95,28987392,1925127707,2887774880
2025-05-28T12:59:54,7951,5,100.0,7200000,3.95,28987392,1925127707,2887774880
2025-05-28T12:59:55,7951,5,100.0,7200000,3.95,28987392,1925127707,2887774880
2025-05-28T12:59:56,7951,5,100.0,7200000,3.95,28987392,1925127707,2887774880
2025-05-28T12:59:57,7951,5,100.0,7200000,3.95,28987392,1925127707,2887774880
2025-05-28T12:59:58,7951,5,100.0,7200000,3.95,28987392,1925127707,2887774880
2025-05-28T12:59:59,7951,5,100.0,7200000,3.95,28987392,1925127707,2887774880
2025-05-28T13:00:00,7951,5,100.0,7200000,3.95,28987392,1925127707,2887774880
2025-05-28T13:00:01,7951,5,100.0,7200000,3.95,28987392,1925127707,2887774880
2025-05-28T13:00:02,7966,5,100.0,7200000,3.96,28987392,1928704043,2893167978
2025-05-28T13:00:03,7966,5,100.0,7200000,3.96,28987392,1928704043,2893167978
2025-05-28T13:00:04,7966,5,100.0,7200000,3.96,28987392,1928704043,2893167978
2025-05-28T13:00:05,7966,5,100.0,7200000,3.96,28987392,1928704043,2893167978
2025-05-28T13:00:06,7966,5,100.0,7200000,3.96,28987392,1928704043,2893167978
2025-05-28T13:00:07,7966,5,100.0,7200000,3.96,28987392,1928704043,2893167978
2025-05-28T13:00:08,7966,5,100.0,7200000,3.96,28987392,1928704043,2893167978
2025-05-28T13:00:09,7966,5,100.0,7200000,3.96,28987392,1928704043,2893167978
2025-05-28T13:00:10,7966,5,100.0,7200000,3.96,28987392,1928704043,2893167978
2025-05-28T13:00:11,7966,5,100.0,7200000,3.96,28987392,1928704043,2893167978
2025-05-28T13:00:12,7966,5,100.0,7200000,3.96,28987392,1928704043,2893167978
2025-05-28T13:00:13,7966,5,100.0,7200000,3.96,28987392,1928704043,2893167978
2025-05-28T13:00:14,7966,5,100.0,7200000,3.96,28987392,1928704043,2893167978
2025-05-28T13:00:15,7966,5,100.0,7200000,3.96,28987392,1928704043,2893167978
2025-05-28T13:00:16,7966,5,100.0,7200000,3.96,28987392,1928704043,2893167978
2025-05-28T13:00:17,7981,5,100.0,7200000,3.96,28987392,1932063174,2898343925
2025-05-28T13:00:18,7981,5,100.0,7200000,3.96,28987392,1932063174,2898343925
2025-05-28T13:00:19,7981,5,100.0,7200000,3.96,28987392,1932063174,2898343925
2025-05-28T13:00:20,7981,5,100.0,7200000,3.96,28987392,1932063174,2898343925
2025-05-28T13:00:21,7981,5,100.0,7200000,3.96,28987392,1932063174,2898343925
2025-05-28T13:00:22,7981,5,100.0,7200000,3.96,28987392,1932063174,2898343925
2025-05-28T13:00:23,7981,5,100.0,7200000,3.96,28987392,1932063174,2898343925
2025-05-28T13:00:24,7981,5,100.0,7200000,3.96,28987392,1932063174,2898343925
2025-05-28T13:00:25,7981,5,100.0,7200000,3.96,28987392,1932063174,2898343925
2025-05-28T13:00:26,7981,5,100.0,7200000,3.96,28987392,1932063174,2898343925
2025-05-28T13:00:27,7981,5,100.0,7200000,3.96,28987392,1932063174,2898343925
2025-05-28T13:00:28,7981,5,100.0,7200000,3.96,28987392,1932063174,2898343925
2025-05-28T13:00:29,7981,5,100.0,7200000,3.96,28987392,1932063174,2898343925
2025-05-28T13:00:30,7981,5,100.0,7200000,3.96,28987392,1932063174,2898343925
2025-05-28T13:00:31,7981,5,100.0,7200000,3.96,28987392,1932063174,2898343925
2025-05-28T13:00:32,7996,5,100.0,7200000,3.96,28987392,1935992620,2904089672
2025-05-28T13:00:33,7996,5,100.0,7200000,3.96,28987392,1935992620,2904089672
2025-05-28T13:00:34,7996,5,100.0,7200000,3.96,28987392,1935992620,2904089672
2025-05-28T13:00:35,7996,5,100.0,7200000,3.96,28987392,1935992620,2904089672
2025-05-28T13:00:36,7996,5,100.0,7200000,3.96,28987392,1935992620,2904089672
2025-05-28T13:00:37,7996,5,100.0,7200000,3.96,28987392,1935992620,2904089672
2025-05-28T13:00:38,7996,5,100.0,7200000,3.96,28987392,1935992620,2904089672
2025-05-28T13:00:39,7996,5,100.0,7200000,3.96,28987392,1935992620,2904089672
2025-05-28T13:00:40,7996,5,100.0,7200000,3.96,28987392,1935992620,2904089672
2025-05-28T13:00:41,7996,5,100.0,7200000,3.96,28987392,1935992620,2904089672
2025-05-28T13:00:42,7996,5,100.0,7200000,3.96,28987392,1935992620,2904089672
2025-05-28T13:00:43,7996,5,100.0,7200000,3.96,28987392,1935992620,2904089672
2025-05-28T13:00:44,7996,5,100.0,7200000,3.96,28987392,1935992620,2904089672
2025-05-28T13:00:45,7996,5,100.0,7200000,3.96,28987392,1935992620,2904089672
2025-05-28T13:00:46,7996,5,100.0,7200000,3.96,28987392,1935992620,2904089672
2025-05-28T13:00:47,8011,5,100.0,7200000,3.97,28987392,1939486944,2909400815
2025-05-28T13:00:48,8011,5,100.0,7200000,3.97,28987392,1939486944,2909400815
2025-05-28T13:00:49,8011,5,100.0,7200000,3.97,28987392,1939486944,2909400815
2025-05-28T13:00:50,8011,5,100.0,7200000,3.97,28987392,1939486944,2909400815
2025-05-28T13:00:51,8011,5,100.0,7200000,3.97,28987392,1939486944,2909400815
2025-05-28T13:00:52,8011,5,100.0,7200000,3.97,28987392,1939486944,2909400815
2025-05-28T13:00:53,8011,5,100.0,7200000,3.97,28987392,1939486944,2909400815
2025-05-28T13:00:54,8011,5,100.0,7200000,3.97,28987392,1939486944,2909400815
2025-05-28T13:00:55,8011,5,100.0,7200000,3.97,28987392,1939486944,2909400815
2025-05-28T13:00:56,8011,5,100.0,7200000,3.97,28987392,1939486944,2909400815
2025-05-28T13:00:57,8011,5,100.0,7200000,3.97,28987392,1939486944,2909400815
2025-05-28T13:00:58,8011,5,100.0,7200000,3.97,28987392,1939486944,2909400815
2025-05-28T13:00:59,8011,5,100.0,7200000,3.97,28987392,1939486944,2909400815
2025-05-28T13:01:00,8011,5,100.0,7200000,3.97,28987392,1939486944,2909400815
2025-05-28T13:01:01,8011,5,100.0,7200000,3.97,28987392,1939486944,2909400815
2025-05-28T13:01:02,8026,5,100.0,7200000,3.97,28987392,1943173955,2914904620
2025-05-28T13:01:03,8026,5,100.0,7200000,3.97,28987392,1943173955,2914904620
2025-05-28T13:01:04,8026,5,100.0,7200000,3.97,28987392,1943173955,2914904620
2025-05-28T13:01:05,8026,5,100.0,7200000,3.97,28987392,1943173955,2914904620
2025-05-28T13:01:06,8026,5,100.0,7200000,3.97,28987392,1943173955,2914904620
2025-05-28T13:01:07,8026,5,100.0,7200000,3.97,28987392,1943173955,2914904620
2025-05-28T13:01:08,8026,5,100.0,7200000,3.97,28987392,1943173955,2914904620
2025-05-28T13:01:09,8026,5,100.0,7200000,3.97,28987392,1943173955,2914904620
2025-05-28T13:01:10,8026,5,100.0,7200000,3.97,28987392,1943173955,2914904620
2025-05-28T13:01:11,8026,5,100.0,7200000,3.97,28987392,1943173955,2914904620
2025-05-28T13:01:12,8026,5,100.0,7200000,3.97,28987392,1943173955,2914904620
2025-05-28T13:01:13,8026,5,100.0,7200000,3.97,28987392,1943173955,2914904620
2025-05-28T13:01:14,8026,5,100.0,7200000,3.97,28987392,1943173955,2914904620
2025-05-28T13:01:15,8026,5,100.0,7200000,3.97,28987392,1943173955,2914904620
2025-05-28T13:01:16,8026,5,100.0,7200000,3.97,28987392,1943173955,2914904620
2025-05-28T13:01:17,8041,5,100.0,7200000,3.98,28987392,1946856737,2920404635
2025-05-28T13:01:18,8041,5,100.0,7200000,3.98,28987392,1946856737,2920404635
2025-05-28T13:01:19,8041,5,100.0,7200000,3.98,28987392,1946856737,2920404635
2025-05-28T13:01:20,8041,5,100.0,7200000,3.98,28987392,1946856737,2920404635
2025-05-28T13:01:21,8041,5,100.0,7200000,3.98,28987392,1946856737,2920404635
2025-05-28T13:01:22,8041,5,100.0,7200000,3.98,28987392,1946856737,2920404635
2025-05-28T13:01:23,8041,5,100.0,7200000,3.98,28987392,1946856737,2920404635
2025-05-28T13:01:24,8041,5,100.0,7200000,3.98,28987392,1946856737,2920404635
2025-05-28T13:01:25,8041,5,100.0,7200000,3.98,28987392,1946856737,2920404635
2025-05-28T13:01:26,8041,5,100.0,7200000,3.98,28987392,1946856737,2920404635
2025-05-28T13:01:27,8041,5,100.0,7200000,3.98,28987392,1946856737,2920404635
2025-05-28T13:01:28,8041,5,100.0,7200000,3.98,28987392,1946856737,2920404635
2025-05-28T13:01:29,8041,5,100.0,7200000,3.98,28987392,1946856737,2920404635
2025-05-28T13:01:30,8041,5,100.0,7200000,3.98,28987392,1946856737,2920404635
2025-05-28T13:01:31,8041,5,100.0,7200000,3.98,28987392,1946856737,2920404635
2025-05-28T13:01:32,8056,5,100.0,7200000,3.99,28987392,1950445997,2925810299
2025-05-28T13:01:33,8056,5,100.0,7200000,3.99,28987392,1950445997,2925810299
2025-05-28T13:01:34,8056,5,100.0,7200000,3.99,28987392,1950445997,2925810299
2025-05-28T13:01:35,8056,5,100.0,7200000,3.99,28987392,1950445997,2925810299
2025-05-28T13:01:36,8056,5,100.0,7200000,3.99,28987392,1950445997,2925810299
2025-05-28T13:01:37,8056,5,100.0,7200000,3.99,28987392,1950445997,2925810299
2025-05-28T13:01:38,8056,5,100.0,7200000,3.99,28987392,1950445997,2925810299
2025-05-28T13:01:39,8056,5,100.0,7200000,3.99,28987392,1950445997,2925810299
2025-05-28T13:01:40,8056,5,100.0,7200000,3.99,28987392,1950445997,2925810299
2025-05-28T13:01:41,8056,5,100.0,7200000,3.99,28987392,1950445997,2925810299
2025-05-28T13:01:42,8056,5,100.0,7200000,3.99,28987392,1950445997,2925810299
2025-05-28T13:01:43,8056,5,100.0,7200000,3.99,28987392,1950445997,2925810299
2025-05-28T13:01:44,8056,5,100.0,7200000,3.99,28987392,1950445997,2925810299
2025-05-28T13:01:45,8056,5,100.0,7200000,3.99,28987392,1950445997,2925810299
2025-05-28T13:01:46,8056,5,100.0,7200000,3.99,28987392,1950445997,2925810299
2025-05-28T13:01:47,8071,5,100.0,7200000,3.99,28987392,1954039072,2931219881
2025-05-28T13:01:48,8071,5,100.0,7200000,3.99,28987392,1954039072,2931219881
2025-05-28T13:01:49,8071,5,100.0,7200000,3.99,28987392,1954039072,2931219881
2025-05-28T13:01:50,8071,5,100.0,7200000,3.99,28987392,1954039072,2931219881
2025-05-28T13:01:51,8071,5,100.0,7200000,3.99,28987392,1954039072,2931219881
2025-05-28T13:01:52,8071,5,100.0,7200000,3.99,28987392,1954039072,2931219881
2025-05-28T13:01:53,8071,5,100.0,7200000,3.99,28987392,1954039072,2931219881
2025-05-28T13:01:54,8071,5,100.0,7200000,3.99,28987392,1954039072,2931219881
2025-05-28T13:01:55,8071,5,100.0,7200000,3.99,28987392,1954039072,2931219881
2025-05-28T13:01:56,8071,5,100.0,7200000,3.99,28987392,1954039072,2931219881
2025-05-28T13:01:57,8071,5,100.0,7200000,3.99,28987392,1954039072,2931219881
2025-05-28T13:01:58,8071,5,100.0,7200000,3.99,28987392,1954039072,2931219881
2025-05-28T13:01:59,8071,5,100.0,7200000,3.99,28987392,1954039072,2931219881
2025-05-28T13:02:00,8071,5,100.0,7200000,3.99,28987392,1954039072,2931219881
2025-05-28T13:02:01,8071,5,100.0,7200000,3.99,28987392,1954039072,2931219881
2025-05-28T13:02:02,8086,5,100.0,7200000,3.99,28987392,1957283292,2936281177
2025-05-28T13:02:03,8086,5,100.0,7200000,3.99,28987392,1957283292,2936281177
2025-05-28T13:02:04,8086,5,100.0,7200000,3.99,28987392,1957283292,2936281177
2025-05-28T13:02:05,8086,5,100.0,7200000,3.99,28987392,1957283292,2936281177
2025-05-28T13:02:06,8086,5,100.0,7200000,3.99,28987392,1957283292,2936281177
2025-05-28T13:02:07,8086,5,100.0,7200000,3.99,28987392,1957283292,2936281177
2025-05-28T13:02:08,8086,5,100.0,7200000,3.99,28987392,1957283292,2936281177
2025-05-28T13:02:09,8086,5,100.0,7200000,3.99,28987392,1957283292,2936281177
2025-05-28T13:02:10,8086,5,100.0,7200000,3.99,28987392,1957283292,2936281177
2025-05-28T13:02:11,8086,5,100.0,7200000,3.99,28987392,1957283292,2936281177
2025-05-28T13:02:12,8086,5,100.0,7200000,3.99,28987392,1957283292,2936281177
2025-05-28T13:02:13,8086,5,100.0,7200000,3.99,28987392,1957283292,2936281177
2025-05-28T13:02:14,8086,5,100.0,7200000,3.99,28987392,1957283292,2936281177
2025-05-28T13:02:15,8086,5,100.0,7200000,3.99,28987392,1957283292,2936281177
2025-05-28T13:02:16,8086,5,100.0,7200000,3.99,28987392,1957283292,2936281177
2025-05-28T13:02:17,8101,5,100.0,7200000,3.99,28987392,1961297714,2942112386
2025-05-28T13:02:18,8101,5,100.0,7200000,3.99,28987392,1961297714,2942112386
2025-05-28T13:02:19,8101,5,100.0,7200000,3.99,28987392,1961297714,2942112386
2025-05-28T13:02:20,8101,5,100.0,7200000,3.99,28987392,1961297714,2942112386
2025-05-28T13:02:21,8101,5,100.0,7200000,3.99,28987392,1961297714,2942112386
2025-05-28T13:02:22,8101,5,100.0,7200000,3.99,28987392,1961297714,2942112386
2025-05-28T13:02:23,8101,5,100.0,7200000,3.99,28987392,1961297714,2942112386
2025-05-28T13:02:24,8101,5,100.0,7200000,3.99,28987392,1961297714,2942112386
2025-05-28T13:02:25,8101,5,100.0,7200000,3.99,28987392,1961297714,2942112386
2025-05-28T13:02:26,8101,5,100.0,7200000,3.99,28987392,1961297714,2942112386
2025-05-28T13:02:27,8101,5,100.0,7200000,3.99,28987392,1961297714,2942112386
2025-05-28T13:02:28,8101,5,100.0,7200000,3.99,28987392,1961297714,2942112386
2025-05-28T13:02:29,8101,5,100.0,7200000,3.99,28987392,1961297714,2942112386
2025-05-28T13:02:30,8101,5,100.0,7200000,3.99,28987392,1961297714,2942112386
2025-05-28T13:02:31,8101,5,100.0,7200000,3.99,28987392,1961297714,2942112386
2025-05-28T13:02:32,8116,5,100.0,7200000,4,28987392,1964964385,2947596033
2025-05-28T13:02:33,8116,5,100.0,7200000,4,28987392,1964964385,2947596033
2025-05-28T13:02:34,8116,5,100.0,7200000,4,28987392,1964964385,2947596033
2025-05-28T13:02:35,8116,5,100.0,7200000,4,28987392,1964964385,2947596033
2025-05-28T13:02:36,8116,5,100.0,7200000,4,28987392,1964964385,2947596033
2025-05-28T13:02:37,8116,5,100.0,7200000,4,28987392,1964964385,2947596033
2025-05-28T13:02:38,8116,5,100.0,7200000,4,28987392,1964964385,2947596033
2025-05-28T13:02:39,8116,5,100.0,7200000,4,28987392,1964964385,2947596033
2025-05-28T13:02:40,8116,5,100.0,7200000,4,28987392,1964964385,2947596033
2025-05-28T13:02:41,8116,5,100.0,7200000,4,28987392,1964964385,2947596033
2025-05-28T13:02:42,8116,5,100.0,7200000,4,28987392,1964964385,2947596033
2025-05-28T13:02:43,8116,5,100.0,7200000,4,28987392,1964964385,2947596033
2025-05-28T13:02:44,8116,5,100.0,7200000,4,28987392,1964964385,2947596033
2025-05-28T13:02:45,8116,5,100.0,7200000,4,28987392,1964964385,2947596033
2025-05-28T13:02:46,8116,5,100.0,7200000,4,28987392,1964964385,2947596033
2025-05-28T13:02:47,8131,5,100.0,7200000,4.01,28987392,1968540708,2952989222
2025-05-28T13:02:48,8131,5,100.0,7200000,4.01,28987392,1968540708,2952989222
2025-05-28T13:02:49,8131,5,100.0,7200000,4.01,28987392,1968540708,2952989222
2025-05-28T13:02:50,8131,5,100.0,7200000,4.01,28987392,1968540708,2952989222
2025-05-28T13:02:51,8131,5,100.0,7200000,4.01,28987392,1968540708,2952989222
2025-05-28T13:02:52,8131,5,100.0,7200000,4.01,28987392,1968540708,2952989222
2025-05-28T13:02:53,8131,5,100.0,7200000,4.01,28987392,1968540708,2952989222
2025-05-28T13:02:54,8131,5,100.0,7200000,4.01,28987392,1968540708,2952989222
2025-05-28T13:02:55,8131,5,100.0,7200000,4.01,28987392,1968540708,2952989222
2025-05-28T13:02:56,8131,5,100.0,7200000,4.01,28987392,1968540708,2952989222
2025-05-28T13:02:57,8131,5,100.0,7200000,4.01,28987392,1968540708,2952989222
2025-05-28T13:02:58,8131,5,100.0,7200000,4.01,28987392,1968540708,2952989222
2025-05-28T13:02:59,8131,5,100.0,7200000,4.01,28987392,1968540708,2952989222
2025-05-28T13:03:00,8131,5,100.0,7200000,4.01,28987392,1968540708,2952989222
2025-05-28T13:03:01,8131,5,100.0,7200000,4.01,28987392,1968540708,2952989222
2025-05-28T13:03:02,8146,5,100.0,7200000,4.01,28987392,1972145567,2958411006
2025-05-28T13:03:03,8146,5,100.0,7200000,4.01,28987392,1972145567,2958411006
2025-05-28T13:03:04,8146,5,100.0,7200000,4.01,28987392,1972145567,2958411006
2025-05-28T13:03:05,8146,5,100.0,7200000,4.01,28987392,1972145567,2958411006
2025-05-28T13:03:06,8146,5,100.0,7200000,4.01,28987392,1972145567,2958411006
2025-05-28T13:03:07,8146,5,100.0,7200000,4.01,28987392,1972145567,2958411006
2025-05-28T13:03:08,8146,5,100.0,7200000,4.01,28987392,1972145567,2958411006
2025-05-28T13:03:09,8146,5,100.0,7200000,4.01,28987392,1972145567,2958411006
2025-05-28T13:03:10,8146,5,100.0,7200000,4.01,28987392,1972145567,2958411006
2025-05-28T13:03:11,8146,5,100.0,7200000,4.01,28987392,1972145567,2958411006
2025-05-28T13:03:12,8146,5,100.0,7200000,4.01,28987392,1972145567,2958411006
2025-05-28T13:03:13,8146,5,100.0,7200000,4.01,28987392,1972145567,2958411006
2025-05-28T13:03:14,8146,5,100.0,7200000,4.01,28987392,1972145567,2958411006
2025-05-28T13:03:15,8146,5,100.0,7200000,4.01,28987392,1972145567,2958411006
2025-05-28T13:03:16,8146,5,100.0,7200000,4.01,28987392,1972145567,2958411006
2025-05-28T13:03:17,8161,5,100.0,7200000,4.01,28987392,1975828426,2963910891
2025-05-28T13:03:18,8161,5,100.0,7200000,4.01,28987392,1975828426,2963910891
2025-05-28T13:03:19,8161,5,100.0,7200000,4.01,28987392,1975828426,2963910891
2025-05-28T13:03:20,8161,5,100.0,7200000,4.01,28987392,1975828426,2963910891
2025-05-28T13:03:21,8161,5,100.0,7200000,4.01,28987392,1975828426,2963910891
2025-05-28T13:03:22,8161,5,100.0,7200000,4.01,28987392,1975828426,2963910891
2025-05-28T13:03:23,8161,5,100.0,7200000,4.01,28987392,1975828426,2963910891
2025-05-28T13:03:24,8161,5,100.0,7200000,4.01,28987392,1975828426,2963910891
2025-05-28T13:03:25,8161,5,100.0,7200000,4.01,28987392,1975828426,2963910891
2025-05-28T13:03:26,8161,5,100.0,7200000,4.01,28987392,1975828426,2963910891
2025-05-28T13:03:27,8161,5,100.0,7200000,4.01,28987392,1975828426,2963910891
2025-05-28T13:03:28,8161,5,100.0,7200000,4.01,28987392,1975828426,2963910891
2025-05-28T13:03:29,8161,5,100.0,7200000,4.01,28987392,1975828426,2963910891
2025-05-28T13:03:30,8161,5,100.0,7200000,4.01,28987392,1975828426,2963910891
2025-05-28T13:03:31,8161,5,100.0,7200000,4.01,28987392,1975828426,2963910891
2025-05-28T13:03:32,8176,5,100.0,7200000,4.02,28987392,1979404683,2969303836
2025-05-28T13:03:33,8176,5,100.0,7200000,4.02,28987392,1979404683,2969303836
2025-05-28T13:03:34,8176,5,100.0,7200000,4.02,28987392,1979404683,2969303836
2025-05-28T13:03:35,8176,5,100.0,7200000,4.02,28987392,1979404683,2969303836
2025-05-28T13:03:36,8176,5,100.0,7200000,4.02,28987392,1979404683,2969303836
2025-05-28T13:03:37,8176,5,100.0,7200000,4.02,28987392,1979404683,2969303836
2025-05-28T13:03:38,8176,5,100.0,7200000,4.02,28987392,1979404683,2969303836
2025-05-28T13:03:39,8176,5,100.0,7200000,4.02,28987392,1979404683,2969303836
2025-05-28T13:03:40,8176,5,100.0,7200000,4.02,28987392,1979404683,2969303836
2025-05-28T13:03:41,8176,5,100.0,7200000,4.02,28987392,1979404683,2969303836
2025-05-28T13:03:42,8176,5,100.0,7200000,4.02,28987392,1979404683,2969303836
2025-05-28T13:03:43,8176,5,100.0,7200000,4.02,28987392,1979404683,2969303836
2025-05-28T13:03:44,8176,5,100.0,7200000,4.02,28987392,1979404683,2969303836
2025-05-28T13:03:45,8176,5,100.0,7200000,4.02,28987392,1979404683,2969303836
2025-05-28T13:03:46,8176,5,100.0,7200000,4.02,28987392,1979404683,2969303836
2025-05-28T13:03:47,8191,5,100.0,7200000,4.03,28987392,1983072070,2974787520
2025-05-28T13:03:48,8191,5,100.0,7200000,4.03,28987392,1983072070,2974787520
2025-05-28T13:03:49,8191,5,100.0,7200000,4.03,28987392,1983072070,2974787520
2025-05-28T13:03:50,8191,5,100.0,7200000,4.03,28987392,1983072070,2974787520
2025-05-28T13:03:51,8191,5,100.0,7200000,4.03,28987392,1983072070,2974787520
2025-05-28T13:03:52,8191,5,100.0,7200000,4.03,28987392,1983072070,2974787520
2025-05-28T13:03:53,8191,5,100.0,7200000,4.03,28987392,1983072070,2974787520
2025-05-28T13:03:54,8191,5,100.0,7200000,4.03,28987392,1983072070,2974787520
2025-05-28T13:03:55,8191,5,100.0,7200000,4.03,28987392,1983072070,2974787520
2025-05-28T13:03:56,8191,5,100.0,7200000,4.03,28987392,1983072070,2974787520
2025-05-28T13:03:57,8191,5,100.0,7200000,4.03,28987392,1983072070,2974787520
2025-05-28T13:03:58,8191,5,100.0,7200000,4.03,28987392,1983072070,2974787520
2025-05-28T13:03:59,8191,5,100.0,7200000,4.03,28987392,1983072070,2974787520
2025-05-28T13:04:00,8191,5,100.0,7200000,4.03,28987392,1983072070,2974787520
2025-05-28T13:04:01,8191,5,100.0,7200000,4.03,28987392,1983072070,2974787520
2025-05-28T13:04:02,8206,5,100.0,7200000,4.04,28987392,1986467559,2979999977
2025-05-28T13:04:03,8206,5,100.0,7200000,4.04,28987392,1986467559,2979999977
2025-05-28T13:04:04,8206,5,100.0,7200000,4.04,28987392,1986467559,2979999977
2025-05-28T13:04:05,8206,5,100.0,7200000,4.04,28987392,1986467559,2979999977
2025-05-28T13:04:06,8206,5,100.0,7200000,4.04,28987392,1986467559,2979999977
2025-05-28T13:04:07,8206,5,100.0,7200000,4.04,28987392,1986467559,2979999977
2025-05-28T13:04:08,8206,5,100.0,7200000,4.04,28987392,1986467559,2979999977
2025-05-28T13:04:09,8206,5,100.0,7200000,4.04,28987392,1986467559,2979999977
2025-05-28T13:04:10,8206,5,100.0,7200000,4.04,28987392,1986467559,2979999977
2025-05-28T13:04:11,8206,5,100.0,7200000,4.04,28987392,1986467559,2979999977
2025-05-28T13:04:12,8206,5,100.0,7200000,4.04,28987392,1986467559,2979999977
2025-05-28T13:04:13,8206,5,100.0,7200000,4.04,28987392,1986467559,2979999977
2025-05-28T13:04:14,8206,5,100.0,7200000,4.04,28987392,1986467559,2979999977
2025-05-28T13:04:15,8206,5,100.0,7200000,4.04,28987392,1986467559,2979999977
2025-05-28T13:04:16,8206,5,100.0,7200000,4.04,28987392,1986467559,2979999977
2025-05-28T13:04:17,8221,5,100.0,7200000,4.04,28987392,1990315281,2985664153
2025-05-28T13:04:18,8221,5,100.0,7200000,4.04,28987392,1990315281,2985664153
2025-05-28T13:04:19,8221,5,100.0,7200000,4.04,28987392,1990315281,2985664153
2025-05-28T13:04:20,8221,5,100.0,7200000,4.04,28987392,1990315281,2985664153
2025-05-28T13:04:21,8221,5,100.0,7200000,4.04,28987392,1990315281,2985664153
2025-05-28T13:04:22,8221,5,100.0,7200000,4.04,28987392,1990315281,2985664153
2025-05-28T13:04:23,8221,5,100.0,7200000,4.04,28987392,1990315281,2985664153
2025-05-28T13:04:24,8221,5,100.0,7200000,4.04,28987392,1990315281,2985664153
2025-05-28T13:04:25,8221,5,100.0,7200000,4.04,28987392,1990315281,2985664153
2025-05-28T13:04:26,8221,5,100.0,7200000,4.04,28987392,1990315281,2985664153
2025-05-28T13:04:27,8221,5,100.0,7200000,4.04,28987392,1990315281,2985664153
2025-05-28T13:04:28,8221,5,100.0,7200000,4.04,28987392,1990315281,2985664153
2025-05-28T13:04:29,8221,5,100.0,7200000,4.04,28987392,1990315281,2985664153
2025-05-28T13:04:30,8221,5,100.0,7200000,4.04,28987392,1990315281,2985664153
2025-05-28T13:04:31,8221,5,100.0,7200000,4.04,28987392,1990315281,2985664153
2025-05-28T13:04:32,8236,5,100.0,7200000,4.04,28987392,1993891338,2991057082
2025-05-28T13:04:33,8236,5,100.0,7200000,4.04,28987392,1993891338,2991057082
2025-05-28T13:04:34,8236,5,100.0,7200000,4.04,28987392,1993891338,2991057082
2025-05-28T13:04:35,8236,5,100.0,7200000,4.04,28987392,1993891338,2991057082
2025-05-28T13:04:36,8236,5,100.0,7200000,4.04,28987392,1993891338,2991057082
2025-05-28T13:04:37,8236,5,100.0,7200000,4.04,28987392,1993891338,2991057082
2025-05-28T13:04:38,8236,5,100.0,7200000,4.04,28987392,1993891338,2991057082
2025-05-28T13:04:39,8236,5,100.0,7200000,4.04,28987392,1993891338,2991057082
2025-05-28T13:04:40,8236,5,100.0,7200000,4.04,28987392,1993891338,2991057082
2025-05-28T13:04:41,8236,5,100.0,7200000,4.04,28987392,1993891338,2991057082
2025-05-28T13:04:42,8236,5,100.0,7200000,4.04,28987392,1993891338,2991057082
2025-05-28T13:04:43,8236,5,100.0,7200000,4.04,28987392,1993891338,2991057082
2025-05-28T13:04:44,8236,5,100.0,7200000,4.04,28987392,1993891338,2991057082
2025-05-28T13:04:45,8236,5,100.0,7200000,4.04,28987392,1993891338,2991057082
2025-05-28T13:04:46,8236,5,100.0,7200000,4.04,28987392,1993891338,2991057082
2025-05-28T13:04:47,8251,5,100.0,7200000,4.05,28987392,1997496260,2996478949
2025-05-28T13:04:48,8251,5,100.0,7200000,4.05,28987392,1997496260,2996478949
2025-05-28T13:04:49,8251,5,100.0,7200000,4.05,28987392,1997496260,2996478949
2025-05-28T13:04:50,8251,5,100.0,7200000,4.05,28987392,1997496260,2996478949
2025-05-28T13:04:51,8251,5,100.0,7200000,4.05,28987392,1997496260,2996478949
2025-05-28T13:04:52,8251,5,100.0,7200000,4.05,28987392,1997496260,2996478949
2025-05-28T13:04:53,8251,5,100.0,7200000,4.05,28987392,1997496260,2996478949
2025-05-28T13:04:54,8251,5,100.0,7200000,4.05,28987392,1997496260,2996478949
2025-05-28T13:04:55,8251,5,100.0,7200000,4.05,28987392,1997496260,2996478949
2025-05-28T13:04:56,8251,5,100.0,7200000,4.05,28987392,1997496260,2996478949
2025-05-28T13:04:57,8251,5,100.0,7200000,4.05,28987392,1997496260,2996478949
2025-05-28T13:04:58,8251,5,100.0,7200000,4.05,28987392,1997496260,2996478949
2025-05-28T13:04:59,8251,5,100.0,7200000,4.05,28987392,1997496260,2996478949
2025-05-28T13:05:00,8251,5,100.0,7200000,4.05,28987392,1997496260,2996478949
2025-05-28T13:05:01,8251,5,100.0,7200000,4.05,28987392,1997496260,2996478949
2025-05-28T13:05:02,8266,5,100.0,7200000,4.05,28987392,2001178856,3001978622
2025-05-28T13:05:03,8266,5,100.0,7200000,4.05,28987392,2001178856,3001978622
2025-05-28T13:05:04,8266,5,100.0,7200000,4.05,28987392,2001178856,3001978622
2025-05-28T13:05:05,8266,5,100.0,7200000,4.05,28987392,2001178856,3001978622
2025-05-28T13:05:06,8266,5,100.0,7200000,4.05,28987392,2001178856,3001978622
2025-05-28T13:05:07,8266,5,100.0,7200000,4.05,28987392,2001178856,3001978622
2025-05-28T13:05:08,8266,5,100.0,7200000,4.05,28987392,2001178856,3001978622
2025-05-28T13:05:09,8266,5,100.0,7200000,4.05,28987392,2001178856,3001978622
2025-05-28T13:05:10,8266,5,100.0,7200000,4.05,28987392,2001178856,3001978622
2025-05-28T13:05:11,8266,5,100.0,7200000,4.05,28987392,2001178856,3001978622
2025-05-28T13:05:12,8266,5,100.0,7200000,4.05,28987392,2001178856,3001978622
2025-05-28T13:05:13,8266,5,100.0,7200000,4.05,28987392,2001178856,3001978622
2025-05-28T13:05:14,8266,5,100.0,7200000,4.05,28987392,2001178856,3001978622
2025-05-28T13:05:15,8266,5,100.0,7200000,4.05,28987392,2001178856,3001978622
2025-05-28T13:05:16,8266,5,100.0,7200000,4.05,28987392,2001178856,3001978622
2025-05-28T13:05:17,8281,5,100.0,7200000,4.05,28987392,2004755387,3007371709
2025-05-28T13:05:18,8281,5,100.0,7200000,4.05,28987392,2004755387,3007371709
2025-05-28T13:05:19,8281,5,100.0,7200000,4.05,28987392,2004755387,3007371709
2025-05-28T13:05:20,8281,5,100.0,7200000,4.05,28987392,2004755387,3007371709
2025-05-28T13:05:21,8281,5,100.0,7200000,4.05,28987392,2004755387,3007371709
2025-05-28T13:05:22,8281,5,100.0,7200000,4.05,28987392,2004755387,3007371709
2025-05-28T13:05:23,8281,5,100.0,7200000,4.05,28987392,2004755387,3007371709
2025-05-28T13:05:24,8281,5,100.0,7200000,4.05,28987392,2004755387,3007371709
2025-05-28T13:05:25,8281,5,100.0,7200000,4.05,28987392,2004755387,3007371709
2025-05-28T13:05:26,8281,5,100.0,7200000,4.05,28987392,2004755387,3007371709
2025-05-28T13:05:27,8281,5,100.0,7200000,4.05,28987392,2004755387,3007371709
2025-05-28T13:05:28,8281,5,100.0,7200000,4.05,28987392,2004755387,3007371709
2025-05-28T13:05:29,8281,5,100.0,7200000,4.05,28987392,2004755387,3007371709
2025-05-28T13:05:30,8281,5,100.0,7200000,4.05,28987392,2004755387,3007371709
2025-05-28T13:05:31,8281,5,100.0,7200000,4.05,28987392,2004755387,3007371709
2025-05-28T13:05:32,8296,5,100.0,7200000,4.06,28987392,2008360402,3012793751
2025-05-28T13:05:33,8296,5,100.0,7200000,4.06,28987392,2008360402,3012793751
2025-05-28T13:05:34,8296,5,100.0,7200000,4.06,28987392,2008360402,3012793751
2025-05-28T13:05:35,8296,5,100.0,7200000,4.06,28987392,2008360402,3012793751
2025-05-28T13:05:36,8296,5,100.0,7200000,4.06,28987392,2008360402,3012793751
2025-05-28T13:05:37,8296,5,100.0,7200000,4.06,28987392,2008360402,3012793751
2025-05-28T13:05:38,8296,5,100.0,7200000,4.06,28987392,2008360402,3012793751
2025-05-28T13:05:39,8296,5,100.0,7200000,4.06,28987392,2008360402,3012793751
2025-05-28T13:05:40,8296,5,100.0,7200000,4.06,28987392,2008360402,3012793751
2025-05-28T13:05:41,8296,5,100.0,7200000,4.06,28987392,2008360402,3012793751
2025-05-28T13:05:42,8296,5,100.0,7200000,4.06,28987392,2008360402,3012793751
2025-05-28T13:05:43,8296,5,100.0,7200000,4.06,28987392,2008360402,3012793751
2025-05-28T13:05:44,8296,5,100.0,7200000,4.06,28987392,2008360402,3012793751
2025-05-28T13:05:45,8296,5,100.0,7200000,4.06,28987392,2008360402,3012793751
2025-05-28T13:05:46,8296,5,100.0,7200000,4.06,28987392,2008360402,3012793751
2025-05-28T13:05:47,8311,5,100.0,7200000,4.07,28987392,2011981033,3018231458
2025-05-28T13:05:48,8311,5,100.0,7200000,4.07,28987392,2011981033,3018231458
2025-05-28T13:05:49,8311,5,100.0,7200000,4.07,28987392,2011981033,3018231458
2025-05-28T13:05:50,8311,5,100.0,7200000,4.07,28987392,2011981033,3018231458
2025-05-28T13:05:51,8311,5,100.0,7200000,4.07,28987392,2011981033,3018231458
2025-05-28T13:05:52,8311,5,100.0,7200000,4.07,28987392,2011981033,3018231458
2025-05-28T13:05:53,8311,5,100.0,7200000,4.07,28987392,2011981033,3018231458
2025-05-28T13:05:54,8311,5,100.0,7200000,4.07,28987392,2011981033,3018231458
2025-05-28T13:05:55,8311,5,100.0,7200000,4.07,28987392,2011981033,3018231458
2025-05-28T13:05:56,8311,5,100.0,7200000,4.07,28987392,2011981033,3018231458
2025-05-28T13:05:57,8311,5,100.0,7200000,4.07,28987392,2011981033,3018231458
2025-05-28T13:05:58,8311,5,100.0,7200000,4.07,28987392,2011981033,3018231458
2025-05-28T13:05:59,8311,5,100.0,7200000,4.07,28987392,2011981033,3018231458
2025-05-28T13:06:00,8311,5,100.0,7200000,4.07,28987392,2011981033,3018231458
2025-05-28T13:06:01,8311,5,100.0,7200000,4.07,28987392,2011981033,3018231458
2025-05-28T13:06:02,8326,5,100.0,7200000,4.07,28987392,2015664532,3023731223
2025-05-28T13:06:03,8326,5,100.0,7200000,4.07,28987392,2015664532,3023731223
2025-05-28T13:06:04,8326,5,100.0,7200000,4.07,28987392,2015664532,3023731223
2025-05-28T13:06:05,8326,5,100.0,7200000,4.07,28987392,2015664532,3023731223
2025-05-28T13:06:06,8326,5,100.0,7200000,4.07,28987392,2015664532,3023731223
2025-05-28T13:06:07,8326,5,100.0,7200000,4.07,28987392,2015664532,3023731223
2025-05-28T13:06:08,8326,5,100.0,7200000,4.07,28987392,2015664532,3023731223
2025-05-28T13:06:09,8326,5,100.0,7200000,4.07,28987392,2015664532,3023731223
2025-05-28T13:06:10,8326,5,100.0,7200000,4.07,28987392,2015664532,3023731223
2025-05-28T13:06:11,8326,5,100.0,7200000,4.07,28987392,2015664532,3023731223
2025-05-28T13:06:12,8326,5,100.0,7200000,4.07,28987392,2015664532,3023731223
2025-05-28T13:06:13,8326,5,100.0,7200000,4.07,28987392,2015664532,3023731223
2025-05-28T13:06:14,8326,5,100.0,7200000,4.07,28987392,2015664532,3023731223
2025-05-28T13:06:15,8326,5,100.0,7200000,4.07,28987392,2015664532,3023731223
2025-05-28T13:06:16,8326,5,100.0,7200000,4.07,28987392,2015664532,3023731223
2025-05-28T13:06:17,8341,5,100.0,7200000,4.08,28987392,2019235484,3029119665
2025-05-28T13:06:18,8341,5,100.0,7200000,4.08,28987392,2019235484,3029119665
2025-05-28T13:06:19,8341,5,100.0,7200000,4.08,28987392,2019235484,3029119665
2025-05-28T13:06:20,8341,5,100.0,7200000,4.08,28987392,2019235484,3029119665
2025-05-28T13:06:21,8341,5,100.0,7200000,4.08,28987392,2019235484,3029119665
2025-05-28T13:06:22,8341,5,100.0,7200000,4.08,28987392,2019235484,3029119665
2025-05-28T13:06:23,8341,5,100.0,7200000,4.08,28987392,2019235484,3029119665
2025-05-28T13:06:24,8341,5,100.0,7200000,4.08,28987392,2019235484,3029119665
2025-05-28T13:06:25,8341,5,100.0,7200000,4.08,28987392,2019235484,3029119665
2025-05-28T13:06:26,8341,5,100.0,7200000,4.08,28987392,2019235484,3029119665
2025-05-28T13:06:27,8341,5,100.0,7200000,4.08,28987392,2019235484,3029119665
2025-05-28T13:06:28,8341,5,100.0,7200000,4.08,28987392,2019235484,3029119665
2025-05-28T13:06:29,8341,5,100.0,7200000,4.08,28987392,2019235484,3029119665
2025-05-28T13:06:30,8341,5,100.0,7200000,4.08,28987392,2019235484,3029119665
2025-05-28T13:06:31,8341,5,100.0,7200000,4.08,28987392,2019235484,3029119665
2025-05-28T13:06:32,8356,5,100.0,7200000,4.08,28987392,2022597996,3034299201
2025-05-28T13:06:33,8356,5,100.0,7200000,4.08,28987392,2022597996,3034299201
2025-05-28T13:06:34,8356,5,100.0,7200000,4.08,28987392,2022597996,3034299201
2025-05-28T13:06:35,8356,5,100.0,7200000,4.08,28987392,2022597996,3034299201
2025-05-28T13:06:36,8356,5,100.0,7200000,4.08,28987392,2022597996,3034299201
2025-05-28T13:06:37,8356,5,100.0,7200000,4.08,28987392,2022597996,3034299201
2025-05-28T13:06:38,8356,5,100.0,7200000,4.08,28987392,2022597996,3034299201
2025-05-28T13:06:39,8356,5,100.0,7200000,4.08,28987392,2022597996,3034299201
2025-05-28T13:06:40,8356,5,100.0,7200000,4.08,28987392,2022597996,3034299201
2025-05-28T13:06:41,8356,5,100.0,7200000,4.08,28987392,2022597996,3034299201
2025-05-28T13:06:42,8356,5,100.0,7200000,4.08,28987392,2022597996,3034299201
2025-05-28T13:06:43,8356,5,100.0,7200000,4.08,28987392,2022597996,3034299201
2025-05-28T13:06:44,8356,5,100.0,7200000,4.08,28987392,2022597996,3034299201
2025-05-28T13:06:45,8356,5,100.0,7200000,4.08,28987392,2022597996,3034299201
2025-05-28T13:06:46,8356,5,100.0,7200000,4.08,28987392,2022597996,3034299201
2025-05-28T13:06:47,8371,5,100.0,7200000,4.08,28987392,2026527174,3040045352
2025-05-28T13:06:48,8371,5,100.0,7200000,4.08,28987392,2026527174,3040045352
2025-05-28T13:06:49,8371,5,100.0,7200000,4.08,28987392,2026527174,3040045352
2025-05-28T13:06:50,8371,5,100.0,7200000,4.08,28987392,2026527174,3040045352
2025-05-28T13:06:51,8371,5,100.0,7200000,4.08,28987392,2026527174,3040045352
2025-05-28T13:06:52,8371,5,100.0,7200000,4.08,28987392,2026527174,3040045352
2025-05-28T13:06:53,8371,5,100.0,7200000,4.08,28987392,2026527174,3040045352
2025-05-28T13:06:54,8371,5,100.0,7200000,4.08,28987392,2026527174,3040045352
2025-05-28T13:06:55,8371,5,100.0,7200000,4.08,28987392,2026527174,3040045352
2025-05-28T13:06:56,8371,5,100.0,7200000,4.08,28987392,2026527174,3040045352
2025-05-28T13:06:57,8371,5,100.0,7200000,4.08,28987392,2026527174,3040045352
2025-05-28T13:06:58,8371,5,100.0,7200000,4.08,28987392,2026527174,3040045352
2025-05-28T13:06:59,8371,5,100.0,7200000,4.08,28987392,2026527174,3040045352
2025-05-28T13:07:00,8371,5,100.0,7200000,4.08,28987392,2026527174,3040045352
2025-05-28T13:07:01,8371,5,100.0,7200000,4.08,28987392,2026527174,3040045352
2025-05-28T13:07:02,8386,5,100.0,7200000,4.08,28987392,2030115582,3045451098
2025-05-28T13:07:03,8386,5,100.0,7200000,4.08,28987392,2030115582,3045451098
2025-05-28T13:07:04,8386,5,100.0,7200000,4.08,28987392,2030115582,3045451098
2025-05-28T13:07:05,8386,5,100.0,7200000,4.08,28987392,2030115582,3045451098
2025-05-28T13:07:06,8386,5,100.0,7200000,4.08,28987392,2030115582,3045451098
2025-05-28T13:07:07,8386,5,100.0,7200000,4.08,28987392,2030115582,3045451098
2025-05-28T13:07:08,8386,5,100.0,7200000,4.08,28987392,2030115582,3045451098
2025-05-28T13:07:09,8386,5,100.0,7200000,4.08,28987392,2030115582,3045451098
2025-05-28T13:07:10,8386,5,100.0,7200000,4.08,28987392,2030115582,3045451098
2025-05-28T13:07:11,8386,5,100.0,7200000,4.08,28987392,2030115582,3045451098
2025-05-28T13:07:12,8386,5,100.0,7200000,4.08,28987392,2030115582,3045451098
2025-05-28T13:07:13,8386,5,100.0,7200000,4.08,28987392,2030115582,3045451098
2025-05-28T13:07:14,8386,5,100.0,7200000,4.08,28987392,2030115582,3045451098
2025-05-28T13:07:15,8386,5,100.0,7200000,4.08,28987392,2030115582,3045451098
2025-05-28T13:07:16,8386,5,100.0,7200000,4.08,28987392,2030115582,3045451098
2025-05-28T13:07:17,8401,5,100.0,7200000,4.09,28987392,2033770757,3050922432
2025-05-28T13:07:18,8401,5,100.0,7200000,4.09,28987392,2033770757,3050922432
2025-05-28T13:07:19,8401,5,100.0,7200000,4.09,28987392,2033770757,3050922432
2025-05-28T13:07:20,8401,5,100.0,7200000,4.09,28987392,2033770757,3050922432
2025-05-28T13:07:21,8401,5,100.0,7200000,4.09,28987392,2033770757,3050922432
2025-05-28T13:07:22,8401,5,100.0,7200000,4.09,28987392,2033770757,3050922432
2025-05-28T13:07:23,8401,5,100.0,7200000,4.09,28987392,2033770757,3050922432
2025-05-28T13:07:24,8401,5,100.0,7200000,4.09,28987392,2033770757,3050922432
2025-05-28T13:07:25,8401,5,100.0,7200000,4.09,28987392,2033770757,3050922432
2025-05-28T13:07:26,8401,5,100.0,7200000,4.09,28987392,2033770757,3050922432
2025-05-28T13:07:27,8401,5,100.0,7200000,4.09,28987392,2033770757,3050922432
2025-05-28T13:07:28,8401,5,100.0,7200000,4.09,28987392,2033770757,3050922432
2025-05-28T13:07:29,8401,5,100.0,7200000,4.09,28987392,2033770757,3050922432
2025-05-28T13:07:30,8401,5,100.0,7200000,4.09,28987392,2033770757,3050922432
2025-05-28T13:07:31,8401,5,100.0,7200000,4.09,28987392,2033770757,3050922432
2025-05-28T13:07:32,8416,5,100.0,7200000,4.09,28987392,2037347305,3056315382
2025-05-28T13:07:33,8416,5,100.0,7200000,4.09,28987392,2037347305,3056315382
2025-05-28T13:07:34,8416,5,100.0,7200000,4.09,28987392,2037347305,3056315382
2025-05-28T13:07:35,8416,5,100.0,7200000,4.09,28987392,2037347305,3056315382
2025-05-28T13:07:36,8416,5,100.0,7200000,4.09,28987392,2037347305,3056315382
2025-05-28T13:07:37,8416,5,100.0,7200000,4.09,28987392,2037347305,3056315382
2025-05-28T13:07:38,8416,5,100.0,7200000,4.09,28987392,2037347305,3056315382
2025-05-28T13:07:39,8416,5,100.0,7200000,4.09,28987392,2037347305,3056315382
2025-05-28T13:07:40,8416,5,100.0,7200000,4.09,28987392,2037347305,3056315382
2025-05-28T13:07:41,8416,5,100.0,7200000,4.09,28987392,2037347305,3056315382
2025-05-28T13:07:42,8416,5,100.0,7200000,4.09,28987392,2037347305,3056315382
2025-05-28T13:07:43,8416,5,100.0,7200000,4.09,28987392,2037347305,3056315382
2025-05-28T13:07:44,8416,5,100.0,7200000,4.09,28987392,2037347305,3056315382
2025-05-28T13:07:45,8416,5,100.0,7200000,4.09,28987392,2037347305,3056315382
2025-05-28T13:07:46,8416,5,100.0,7200000,4.09,28987392,2037347305,3056315382
2025-05-28T13:07:47,8431,5,100.0,7200000,4.1,28987392,2040952714,3061737555
2025-05-28T13:07:48,8431,5,100.0,7200000,4.1,28987392,2040952714,3061737555
2025-05-28T13:07:49,8431,5,100.0,7200000,4.1,28987392,2040952714,3061737555
2025-05-28T13:07:50,8431,5,100.0,7200000,4.1,28987392,2040952714,3061737555
2025-05-28T13:07:51,8431,5,100.0,7200000,4.1,28987392,2040952714,3061737555
2025-05-28T13:07:52,8431,5,100.0,7200000,4.1,28987392,2040952714,3061737555
2025-05-28T13:07:53,8431,5,100.0,7200000,4.1,28987392,2040952714,3061737555
2025-05-28T13:07:54,8431,5,100.0,7200000,4.1,28987392,2040952714,3061737555
2025-05-28T13:07:55,8431,5,100.0,7200000,4.1,28987392,2040952714,3061737555
2025-05-28T13:07:56,8431,5,100.0,7200000,4.1,28987392,2040952714,3061737555
2025-05-28T13:07:57,8431,5,100.0,7200000,4.1,28987392,2040952714,3061737555
2025-05-28T13:07:58,8431,5,100.0,7200000,4.1,28987392,2040952714,3061737555
2025-05-28T13:07:59,8431,5,100.0,7200000,4.1,28987392,2040952714,3061737555
2025-05-28T13:08:00,8431,5,100.0,7200000,4.1,28987392,2040952714,3061737555
2025-05-28T13:08:01,8431,5,100.0,7200000,4.1,28987392,2040952714,3061737555
2025-05-28T13:08:02,8446,5,100.0,7200000,4.11,28987392,2044574117,3067175771
2025-05-28T13:08:03,8446,5,100.0,7200000,4.11,28987392,2044574117,3067175771
2025-05-28T13:08:04,8446,5,100.0,7200000,4.11,28987392,2044574117,3067175771
2025-05-28T13:08:05,8446,5,100.0,7200000,4.11,28987392,2044574117,3067175771
2025-05-28T13:08:06,8446,5,100.0,7200000,4.11,28987392,2044574117,3067175771
2025-05-28T13:08:07,8446,5,100.0,7200000,4.11,28987392,2044574117,3067175771
2025-05-28T13:08:08,8446,5,100.0,7200000,4.11,28987392,2044574117,3067175771
2025-05-28T13:08:09,8446,5,100.0,7200000,4.11,28987392,2044574117,3067175771
2025-05-28T13:08:10,8446,5,100.0,7200000,4.11,28987392,2044574117,3067175771
2025-05-28T13:08:11,8446,5,100.0,7200000,4.11,28987392,2044574117,3067175771
2025-05-28T13:08:12,8446,5,100.0,7200000,4.11,28987392,2044574117,3067175771
2025-05-28T13:08:13,8446,5,100.0,7200000,4.11,28987392,2044574117,3067175771
2025-05-28T13:08:14,8446,5,100.0,7200000,4.11,28987392,2044574117,3067175771
2025-05-28T13:08:15,8446,5,100.0,7200000,4.11,28987392,2044574117,3067175771
2025-05-28T13:08:16,8446,5,100.0,7200000,4.11,28987392,2044574117,3067175771
2025-05-28T13:08:17,8461,5,100.0,7200000,4.11,28987392,2048212177,3072630436
2025-05-28T13:08:18,8461,5,100.0,7200000,4.11,28987392,2048212177,3072630436
2025-05-28T13:08:19,8461,5,100.0,7200000,4.11,28987392,2048212177,3072630436
2025-05-28T13:08:20,8461,5,100.0,7200000,4.11,28987392,2048212177,3072630436
2025-05-28T13:08:21,8461,5,100.0,7200000,4.11,28987392,2048212177,3072630436
2025-05-28T13:08:22,8461,5,100.0,7200000,4.11,28987392,2048212177,3072630436
2025-05-28T13:08:23,8461,5,100.0,7200000,4.11,28987392,2048212177,3072630436
2025-05-28T13:08:24,8461,5,100.0,7200000,4.11,28987392,2048212177,3072630436
2025-05-28T13:08:25,8461,5,100.0,7200000,4.11,28987392,2048212177,3072630436
2025-05-28T13:08:26,8461,5,100.0,7200000,4.11,28987392,2048212177,3072630436
2025-05-28T13:08:27,8461,5,100.0,7200000,4.11,28987392,2048212177,3072630436
2025-05-28T13:08:28,8461,5,100.0,7200000,4.11,28987392,2048212177,3072630436
2025-05-28T13:08:29,8461,5,100.0,7200000,4.11,28987392,2048212177,3072630436
2025-05-28T13:08:30,8461,5,100.0,7200000,4.11,28987392,2048212177,3072630436
2025-05-28T13:08:31,8461,5,100.0,7200000,4.11,28987392,2048212177,3072630436
2025-05-28T13:08:32,8476,5,100.0,7200000,4.11,28987392,2051817741,3078052424
2025-05-28T13:08:33,8476,5,100.0,7200000,4.11,28987392,2051817741,3078052424
2025-05-28T13:08:34,8476,5,100.0,7200000,4.11,28987392,2051817741,3078052424
2025-05-28T13:08:35,8476,5,100.0,7200000,4.11,28987392,2051817741,3078052424
2025-05-28T13:08:36,8476,5,100.0,7200000,4.11,28987392,2051817741,3078052424
2025-05-28T13:08:37,8476,5,100.0,7200000,4.11,28987392,2051817741,3078052424
2025-05-28T13:08:38,8476,5,100.0,7200000,4.11,28987392,2051817741,3078052424
2025-05-28T13:08:39,8476,5,100.0,7200000,4.11,28987392,2051817741,3078052424
2025-05-28T13:08:40,8476,5,100.0,7200000,4.11,28987392,2051817741,3078052424
2025-05-28T13:08:41,8476,5,100.0,7200000,4.11,28987392,2051817741,3078052424
2025-05-28T13:08:42,8476,5,100.0,7200000,4.11,28987392,2051817741,3078052424
2025-05-28T13:08:43,8476,5,100.0,7200000,4.11,28987392,2051817741,3078052424
2025-05-28T13:08:44,8476,5,100.0,7200000,4.11,28987392,2051817741,3078052424
2025-05-28T13:08:45,8476,5,100.0,7200000,4.11,28987392,2051817741,3078052424
2025-05-28T13:08:46,8476,5,100.0,7200000,4.11,28987392,2051817741,3078052424
2025-05-28T13:08:47,8491,5,100.0,7200000,4.12,28987392,2055062385,3083113726
2025-05-28T13:08:48,8491,5,100.0,7200000,4.12,28987392,2055062385,3083113726
2025-05-28T13:08:49,8491,5,100.0,7200000,4.12,28987392,2055062385,3083113726
2025-05-28T13:08:50,8491,5,100.0,7200000,4.12,28987392,2055062385,3083113726
2025-05-28T13:08:51,8491,5,100.0,7200000,4.12,28987392,2055062385,3083113726
2025-05-28T13:08:52,8491,5,100.0,7200000,4.12,28987392,2055062385,3083113726
2025-05-28T13:08:53,8491,5,100.0,7200000,4.12,28987392,2055062385,3083113726
2025-05-28T13:08:54,8491,5,100.0,7200000,4.12,28987392,2055062385,3083113726
2025-05-28T13:08:55,8491,5,100.0,7200000,4.12,28987392,2055062385,3083113726
2025-05-28T13:08:56,8491,5,100.0,7200000,4.12,28987392,2055062385,3083113726
2025-05-28T13:08:57,8491,5,100.0,7200000,4.12,28987392,2055062385,3083113726
2025-05-28T13:08:58,8491,5,100.0,7200000,4.12,28987392,2055062385,3083113726
2025-05-28T13:08:59,8491,5,100.0,7200000,4.12,28987392,2055062385,3083113726
2025-05-28T13:09:00,8491,5,100.0,7200000,4.12,28987392,2055062385,3083113726
2025-05-28T13:09:01,8491,5,100.0,7200000,4.12,28987392,2055062385,3083113726
2025-05-28T13:09:02,8506,5,100.0,7200000,4.12,28987392,2059059481,3088928366
2025-05-28T13:09:03,8506,5,100.0,7200000,4.12,28987392,2059059481,3088928366
2025-05-28T13:09:04,8506,5,100.0,7200000,4.12,28987392,2059059481,3088928366
2025-05-28T13:09:05,8506,5,100.0,7200000,4.12,28987392,2059059481,3088928366
2025-05-28T13:09:06,8506,5,100.0,7200000,4.12,28987392,2059059481,3088928366
2025-05-28T13:09:07,8506,5,100.0,7200000,4.12,28987392,2059059481,3088928366
2025-05-28T13:09:08,8506,5,100.0,7200000,4.12,28987392,2059059481,3088928366
2025-05-28T13:09:09,8506,5,100.0,7200000,4.12,28987392,2059059481,3088928366
2025-05-28T13:09:10,8506,5,100.0,7200000,4.12,28987392,2059059481,3088928366
2025-05-28T13:09:11,8506,5,100.0,7200000,4.12,28987392,2059059481,3088928366
2025-05-28T13:09:12,8506,5,100.0,7200000,4.12,28987392,2059059481,3088928366
2025-05-28T13:09:13,8506,5,100.0,7200000,4.12,28987392,2059059481,3088928366
2025-05-28T13:09:14,8506,5,100.0,7200000,4.12,28987392,2059059481,3088928366
2025-05-28T13:09:15,8506,5,100.0,7200000,4.12,28987392,2059059481,3088928366
2025-05-28T13:09:16,8506,5,100.0,7200000,4.12,28987392,2059059481,3088928366
2025-05-28T13:09:17,8521,5,100.0,7200000,4.13,28987392,2062549645,3094235499
2025-05-28T13:09:18,8521,5,100.0,7200000,4.13,28987392,2062549645,3094235499
2025-05-28T13:09:19,8521,5,100.0,7200000,4.13,28987392,2062549645,3094235499
2025-05-28T13:09:20,8521,5,100.0,7200000,4.13,28987392,2062549645,3094235499
2025-05-28T13:09:21,8521,5,100.0,7200000,4.13,28987392,2062549645,3094235499
2025-05-28T13:09:22,8521,5,100.0,7200000,4.13,28987392,2062549645,3094235499
2025-05-28T13:09:23,8521,5,100.0,7200000,4.13,28987392,2062549645,3094235499
2025-05-28T13:09:24,8521,5,100.0,7200000,4.13,28987392,2062549645,3094235499
2025-05-28T13:09:25,8521,5,100.0,7200000,4.13,28987392,2062549645,3094235499
2025-05-28T13:09:26,8521,5,100.0,7200000,4.13,28987392,2062549645,3094235499
2025-05-28T13:09:27,8521,5,100.0,7200000,4.13,28987392,2062549645,3094235499
2025-05-28T13:09:28,8521,5,100.0,7200000,4.13,28987392,2062549645,3094235499
2025-05-28T13:09:29,8521,5,100.0,7200000,4.13,28987392,2062549645,3094235499
2025-05-28T13:09:30,8521,5,100.0,7200000,4.13,28987392,2062549645,3094235499
2025-05-28T13:09:31,8521,5,100.0,7200000,4.13,28987392,2062549645,3094235499
2025-05-28T13:09:32,8536,5,100.0,7200000,4.13,28987392,2066363382,3099866364
2025-05-28T13:09:33,8536,5,100.0,7200000,4.13,28987392,2066363382,3099866364
2025-05-28T13:09:34,8536,5,100.0,7200000,4.13,28987392,2066363382,3099866364
2025-05-28T13:09:35,8536,5,100.0,7200000,4.13,28987392,2066363382,3099866364
2025-05-28T13:09:36,8536,5,100.0,7200000,4.13,28987392,2066363382,3099866364
2025-05-28T13:09:37,8536,5,100.0,7200000,4.13,28987392,2066363382,3099866364
2025-05-28T13:09:38,8536,5,100.0,7200000,4.13,28987392,2066363382,3099866364
2025-05-28T13:09:39,8536,5,100.0,7200000,4.13,28987392,2066363382,3099866364
2025-05-28T13:09:40,8536,5,100.0,7200000,4.13,28987392,2066363382,3099866364
2025-05-28T13:09:41,8536,5,100.0,7200000,4.13,28987392,2066363382,3099866364
2025-05-28T13:09:42,8536,5,100.0,7200000,4.13,28987392,2066363382,3099866364
2025-05-28T13:09:43,8536,5,100.0,7200000,4.13,28987392,2066363382,3099866364
2025-05-28T13:09:44,8536,5,100.0,7200000,4.13,28987392,2066363382,3099866364
2025-05-28T13:09:45,8536,5,100.0,7200000,4.13,28987392,2066363382,3099866364
2025-05-28T13:09:46,8536,5,100.0,7200000,4.13,28987392,2066363382,3099866364
2025-05-28T13:09:47,8551,5,100.0,7200000,4.14,28987392,2069936625,3105257158
2025-05-28T13:09:48,8551,5,100.0,7200000,4.14,28987392,2069936625,3105257158
2025-05-28T13:09:49,8551,5,100.0,7200000,4.14,28987392,2069936625,3105257158
2025-05-28T13:09:50,8551,5,100.0,7200000,4.14,28987392,2069936625,3105257158
2025-05-28T13:09:51,8551,5,100.0,7200000,4.14,28987392,2069936625,3105257158
2025-05-28T13:09:52,8551,5,100.0,7200000,4.14,28987392,2069936625,3105257158
2025-05-28T13:09:53,8551,5,100.0,7200000,4.14,28987392,2069936625,3105257158
2025-05-28T13:09:54,8551,5,100.0,7200000,4.14,28987392,2069936625,3105257158
2025-05-28T13:09:55,8551,5,100.0,7200000,4.14,28987392,2069936625,3105257158
2025-05-28T13:09:56,8551,5,100.0,7200000,4.14,28987392,2069936625,3105257158
2025-05-28T13:09:57,8551,5,100.0,7200000,4.14,28987392,2069936625,3105257158
2025-05-28T13:09:58,8551,5,100.0,7200000,4.14,28987392,2069936625,3105257158
2025-05-28T13:09:59,8551,5,100.0,7200000,4.14,28987392,2069936625,3105257158
2025-05-28T13:10:00,8551,5,100.0,7200000,4.14,28987392,2069936625,3105257158
2025-05-28T13:10:01,8551,5,100.0,7200000,4.14,28987392,2069936625,3105257158
2025-05-28T13:10:02,8566,5,100.0,7200000,4.14,28987392,2073410470,3110548032
2025-05-28T13:10:03,8566,5,100.0,7200000,4.14,28987392,2073410470,3110548032
2025-05-28T13:10:04,8566,5,100.0,7200000,4.14,28987392,2073410470,3110548032
2025-05-28T13:10:05,8566,5,100.0,7200000,4.14,28987392,2073410470,3110548032
2025-05-28T13:10:06,8566,5,100.0,7200000,4.14,28987392,2073410470,3110548032
2025-05-28T13:10:07,8566,5,100.0,7200000,4.14,28987392,2073410470,3110548032
2025-05-28T13:10:08,8566,5,100.0,7200000,4.14,28987392,2073410470,3110548032
2025-05-28T13:10:09,8566,5,100.0,7200000,4.14,28987392,2073410470,3110548032
2025-05-28T13:10:10,8566,5,100.0,7200000,4.14,28987392,2073410470,3110548032
2025-05-28T13:10:11,8566,5,100.0,7200000,4.14,28987392,2073410470,3110548032
2025-05-28T13:10:12,8566,5,100.0,7200000,4.14,28987392,2073410470,3110548032
2025-05-28T13:10:13,8566,5,100.0,7200000,4.14,28987392,2073410470,3110548032
2025-05-28T13:10:14,8566,5,100.0,7200000,4.14,28987392,2073410470,3110548032
2025-05-28T13:10:15,8566,5,100.0,7200000,4.14,28987392,2073410470,3110548032
2025-05-28T13:10:16,8566,5,100.0,7200000,4.14,28987392,2073410470,3110548032
2025-05-28T13:10:17,8581,5,100.0,7200000,4.16,28987392,2077224898,3116179173
2025-05-28T13:10:18,8581,5,100.0,7200000,4.16,28987392,2077224898,3116179173
2025-05-28T13:10:19,8581,5,100.0,7200000,4.16,28987392,2077224898,3116179173
2025-05-28T13:10:20,8581,5,100.0,7200000,4.16,28987392,2077224898,3116179173
2025-05-28T13:10:21,8581,5,100.0,7200000,4.16,28987392,2077224898,3116179173
2025-05-28T13:10:22,8581,5,100.0,7200000,4.16,28987392,2077224898,3116179173
2025-05-28T13:10:23,8581,5,100.0,7200000,4.16,28987392,2077224898,3116179173
2025-05-28T13:10:24,8581,5,100.0,7200000,4.16,28987392,2077224898,3116179173
2025-05-28T13:10:25,8581,5,100.0,7200000,4.16,28987392,2077224898,3116179173
2025-05-28T13:10:26,8581,5,100.0,7200000,4.16,28987392,2077224898,3116179173
2025-05-28T13:10:27,8581,5,100.0,7200000,4.16,28987392,2077224898,3116179173
2025-05-28T13:10:28,8581,5,100.0,7200000,4.16,28987392,2077224898,3116179173
2025-05-28T13:10:29,8581,5,100.0,7200000,4.16,28987392,2077224898,3116179173
2025-05-28T13:10:30,8581,5,100.0,7200000,4.16,28987392,2077224898,3116179173
2025-05-28T13:10:31,8581,5,100.0,7200000,4.16,28987392,2077224898,3116179173
2025-05-28T13:10:32,8596,5,100.0,7200000,4.16,28987392,2080843781,3121615916
2025-05-28T13:10:33,8596,5,100.0,7200000,4.16,28987392,2080843781,3121615916
2025-05-28T13:10:34,8596,5,100.0,7200000,4.16,28987392,2080843781,3121615916
2025-05-28T13:10:35,8596,5,100.0,7200000,4.16,28987392,2080843781,3121615916
2025-05-28T13:10:36,8596,5,100.0,7200000,4.16,28987392,2080843781,3121615916
2025-05-28T13:10:37,8596,5,100.0,7200000,4.16,28987392,2080843781,3121615916
2025-05-28T13:10:38,8596,5,100.0,7200000,4.16,28987392,2080843781,3121615916
2025-05-28T13:10:39,8596,5,100.0,7200000,4.16,28987392,2080843781,3121615916
2025-05-28T13:10:40,8596,5,100.0,7200000,4.16,28987392,2080843781,3121615916
2025-05-28T13:10:41,8596,5,100.0,7200000,4.16,28987392,2080843781,3121615916
2025-05-28T13:10:42,8596,5,100.0,7200000,4.16,28987392,2080843781,3121615916
2025-05-28T13:10:43,8596,5,100.0,7200000,4.16,28987392,2080843781,3121615916
2025-05-28T13:10:44,8596,5,100.0,7200000,4.16,28987392,2080843781,3121615916
2025-05-28T13:10:45,8596,5,100.0,7200000,4.16,28987392,2080843781,3121615916
2025-05-28T13:10:46,8596,5,100.0,7200000,4.16,28987392,2080843781,3121615916
2025-05-28T13:10:47,8611,5,100.0,7200000,4.16,28987392,2084465573,3127054400
2025-05-28T13:10:48,8611,5,100.0,7200000,4.16,28987392,2084465573,3127054400
2025-05-28T13:10:49,8611,5,100.0,7200000,4.16,28987392,2084465573,3127054400
2025-05-28T13:10:50,8611,5,100.0,7200000,4.16,28987392,2084465573,3127054400
2025-05-28T13:10:51,8611,5,100.0,7200000,4.16,28987392,2084465573,3127054400
2025-05-28T13:10:52,8611,5,100.0,7200000,4.16,28987392,2084465573,3127054400
2025-05-28T13:10:53,8611,5,100.0,7200000,4.16,28987392,2084465573,3127054400
2025-05-28T13:10:54,8611,5,100.0,7200000,4.16,28987392,2084465573,3127054400
2025-05-28T13:10:55,8611,5,100.0,7200000,4.16,28987392,2084465573,3127054400
2025-05-28T13:10:56,8611,5,100.0,7200000,4.16,28987392,2084465573,3127054400
2025-05-28T13:10:57,8611,5,100.0,7200000,4.16,28987392,2084465573,3127054400
2025-05-28T13:10:58,8611,5,100.0,7200000,4.16,28987392,2084465573,3127054400
2025-05-28T13:10:59,8611,5,100.0,7200000,4.16,28987392,2084465573,3127054400
2025-05-28T13:11:00,8611,5,100.0,7200000,4.16,28987392,2084465573,3127054400
2025-05-28T13:11:01,8611,5,100.0,7200000,4.16,28987392,2084465573,3127054400
2025-05-28T13:11:02,8626,5,100.0,7200000,4.17,28987392,2088087118,3132492298
2025-05-28T13:11:03,8626,5,100.0,7200000,4.17,28987392,2088087118,3132492298
2025-05-28T13:11:04,8626,5,100.0,7200000,4.17,28987392,2088087118,3132492298
2025-05-28T13:11:05,8626,5,100.0,7200000,4.17,28987392,2088087118,3132492298
2025-05-28T13:11:06,8626,5,100.0,7200000,4.17,28987392,2088087118,3132492298
2025-05-28T13:11:07,8626,5,100.0,7200000,4.17,28987392,2088087118,3132492298
2025-05-28T13:11:08,8626,5,100.0,7200000,4.17,28987392,2088087118,3132492298
2025-05-28T13:11:09,8626,5,100.0,7200000,4.17,28987392,2088087118,3132492298
2025-05-28T13:11:10,8626,5,100.0,7200000,4.17,28987392,2088087118,3132492298
2025-05-28T13:11:11,8626,5,100.0,7200000,4.17,28987392,2088087118,3132492298
2025-05-28T13:11:12,8626,5,100.0,7200000,4.17,28987392,2088087118,3132492298
2025-05-28T13:11:13,8626,5,100.0,7200000,4.17,28987392,2088087118,3132492298
2025-05-28T13:11:14,8626,5,100.0,7200000,4.17,28987392,2088087118,3132492298
2025-05-28T13:11:15,8626,5,100.0,7200000,4.17,28987392,2088087118,3132492298
2025-05-28T13:11:16,8626,5,100.0,7200000,4.17,28987392,2088087118,3132492298
2025-05-28T13:11:17,8641,5,100.0,7200000,4.17,28987392,2091708986,3137930806
2025-05-28T13:11:18,8641,5,100.0,7200000,4.17,28987392,2091708986,3137930806
2025-05-28T13:11:19,8641,5,100.0,7200000,4.17,28987392,2091708986,3137930806
2025-05-28T13:11:20,8641,5,100.0,7200000,4.17,28987392,2091708986,3137930806
2025-05-28T13:11:21,8641,5,100.0,7200000,4.17,28987392,2091708986,3137930806
2025-05-28T13:11:22,8641,5,100.0,7200000,4.17,28987392,2091708986,3137930806
2025-05-28T13:11:23,8641,5,100.0,7200000,4.17,28987392,2091708986,3137930806
2025-05-28T13:11:24,8641,5,100.0,7200000,4.17,28987392,2091708986,3137930806
2025-05-28T13:11:25,8641,5,100.0,7200000,4.17,28987392,2091708986,3137930806
2025-05-28T13:11:26,8641,5,100.0,7200000,4.17,28987392,2091708986,3137930806
2025-05-28T13:11:27,8641,5,100.0,7200000,4.17,28987392,2091708986,3137930806
2025-05-28T13:11:28,8641,5,100.0,7200000,4.17,28987392,2091708986,3137930806
2025-05-28T13:11:29,8641,5,100.0,7200000,4.17,28987392,2091708986,3137930806
2025-05-28T13:11:30,8641,5,100.0,7200000,4.17,28987392,2091708986,3137930806
2025-05-28T13:11:31,8641,5,100.0,7200000,4.17,28987392,2091708986,3137930806
2025-05-28T13:11:32,8656,5,100.0,7200000,4.18,28987392,2095330598,3143369524
2025-05-28T13:11:33,8656,5,100.0,7200000,4.18,28987392,2095330598,3143369524
2025-05-28T13:11:34,8656,5,100.0,7200000,4.18,28987392,2095330598,3143369524
2025-05-28T13:11:35,8656,5,100.0,7200000,4.18,28987392,2095330598,3143369524
2025-05-28T13:11:36,8656,5,100.0,7200000,4.18,28987392,2095330598,3143369524
2025-05-28T13:11:37,8656,5,100.0,7200000,4.18,28987392,2095330598,3143369524
2025-05-28T13:11:38,8656,5,100.0,7200000,4.18,28987392,2095330598,3143369524
2025-05-28T13:11:39,8656,5,100.0,7200000,4.18,28987392,2095330598,3143369524
2025-05-28T13:11:40,8656,5,100.0,7200000,4.18,28987392,2095330598,3143369524
2025-05-28T13:11:41,8656,5,100.0,7200000,4.18,28987392,2095330598,3143369524
2025-05-28T13:11:42,8656,5,100.0,7200000,4.18,28987392,2095330598,3143369524
2025-05-28T13:11:43,8656,5,100.0,7200000,4.18,28987392,2095330598,3143369524
2025-05-28T13:11:44,8656,5,100.0,7200000,4.18,28987392,2095330598,3143369524
2025-05-28T13:11:45,8656,5,100.0,7200000,4.18,28987392,2095330598,3143369524
2025-05-28T13:11:46,8656,5,100.0,7200000,4.18,28987392,2095330598,3143369524
2025-05-28T13:11:47,8671,5,100.0,7200000,4.19,28987392,2098952392,3148807777
2025-05-28T13:11:48,8671,5,100.0,7200000,4.19,28987392,2098952392,3148807777
2025-05-28T13:11:49,8671,5,100.0,7200000,4.19,28987392,2098952392,3148807777
2025-05-28T13:11:50,8671,5,100.0,7200000,4.19,28987392,2098952392,3148807777
2025-05-28T13:11:51,8671,5,100.0,7200000,4.19,28987392,2098952392,3148807777
2025-05-28T13:11:52,8671,5,100.0,7200000,4.19,28987392,2098952392,3148807777
2025-05-28T13:11:53,8671,5,100.0,7200000,4.19,28987392,2098952392,3148807777
2025-05-28T13:11:54,8671,5,100.0,7200000,4.19,28987392,2098952392,3148807777
2025-05-28T13:11:55,8671,5,100.0,7200000,4.19,28987392,2098952392,3148807777
2025-05-28T13:11:56,8671,5,100.0,7200000,4.19,28987392,2098952392,3148807777
2025-05-28T13:11:57,8671,5,100.0,7200000,4.19,28987392,2098952392,3148807777
2025-05-28T13:11:58,8671,5,100.0,7200000,4.19,28987392,2098952392,3148807777
2025-05-28T13:11:59,8671,5,100.0,7200000,4.19,28987392,2098952392,3148807777
2025-05-28T13:12:00,8671,5,100.0,7200000,4.19,28987392,2098952392,3148807777
2025-05-28T13:12:01,8671,5,100.0,7200000,4.19,28987392,2098952392,3148807777
2025-05-28T13:12:02,8686,5,100.0,7200000,4.19,28987392,2102573255,3154246162
2025-05-28T13:12:03,8686,5,100.0,7200000,4.19,28987392,2102573255,3154246162
2025-05-28T13:12:04,8686,5,100.0,7200000,4.19,28987392,2102573255,3154246162
2025-05-28T13:12:05,8686,5,100.0,7200000,4.19,28987392,2102573255,3154246162
2025-05-28T13:12:06,8686,5,100.0,7200000,4.19,28987392,2102573255,3154246162
2025-05-28T13:12:07,8686,5,100.0,7200000,4.19,28987392,2102573255,3154246162
2025-05-28T13:12:08,8686,5,100.0,7200000,4.19,28987392,2102573255,3154246162
2025-05-28T13:12:09,8686,5,100.0,7200000,4.19,28987392,2102573255,3154246162
2025-05-28T13:12:10,8686,5,100.0,7200000,4.19,28987392,2102573255,3154246162
2025-05-28T13:12:11,8686,5,100.0,7200000,4.19,28987392,2102573255,3154246162
2025-05-28T13:12:12,8686,5,100.0,7200000,4.19,28987392,2102573255,3154246162
2025-05-28T13:12:13,8686,5,100.0,7200000,4.19,28987392,2102573255,3154246162
2025-05-28T13:12:14,8686,5,100.0,7200000,4.19,28987392,2102573255,3154246162
2025-05-28T13:12:15,8686,5,100.0,7200000,4.19,28987392,2102573255,3154246162
2025-05-28T13:12:16,8686,5,100.0,7200000,4.19,28987392,2102573255,3154246162
2025-05-28T13:12:17,8701,5,100.0,7200000,4.19,28987392,2106194572,3159684552
2025-05-28T13:12:18,8701,5,100.0,7200000,4.19,28987392,2106194572,3159684552
2025-05-28T13:12:19,8701,5,100.0,7200000,4.19,28987392,2106194572,3159684552
2025-05-28T13:12:20,8701,5,100.0,7200000,4.19,28987392,2106194572,3159684552
2025-05-28T13:12:21,8701,5,100.0,7200000,4.19,28987392,2106194572,3159684552
2025-05-28T13:12:22,8701,5,100.0,7200000,4.19,28987392,2106194572,3159684552
2025-05-28T13:12:23,8701,5,100.0,7200000,4.19,28987392,2106194572,3159684552
2025-05-28T13:12:24,8701,5,100.0,7200000,4.19,28987392,2106194572,3159684552
2025-05-28T13:12:25,8701,5,100.0,7200000,4.19,28987392,2106194572,3159684552
2025-05-28T13:12:26,8701,5,100.0,7200000,4.19,28987392,2106194572,3159684552
2025-05-28T13:12:27,8701,5,100.0,7200000,4.19,28987392,2106194572,3159684552
2025-05-28T13:12:28,8701,5,100.0,7200000,4.19,28987392,2106194572,3159684552
2025-05-28T13:12:29,8701,5,100.0,7200000,4.19,28987392,2106194572,3159684552
2025-05-28T13:12:30,8701,5,100.0,7200000,4.19,28987392,2106194572,3159684552
2025-05-28T13:12:31,8701,5,100.0,7200000,4.19,28987392,2106194572,3159684552
2025-05-28T13:12:32,8716,5,100.0,7200000,4.2,28987392,2109771287,3165077646
2025-05-28T13:12:33,8716,5,100.0,7200000,4.2,28987392,2109771287,3165077646
2025-05-28T13:12:34,8716,5,100.0,7200000,4.2,28987392,2109771287,3165077646
2025-05-28T13:12:35,8716,5,100.0,7200000,4.2,28987392,2109771287,3165077646
2025-05-28T13:12:36,8716,5,100.0,7200000,4.2,28987392,2109771287,3165077646
2025-05-28T13:12:37,8716,5,100.0,7200000,4.2,28987392,2109771287,3165077646
2025-05-28T13:12:38,8716,5,100.0,7200000,4.2,28987392,2109771287,3165077646
2025-05-28T13:12:39,8716,5,100.0,7200000,4.2,28987392,2109771287,3165077646
2025-05-28T13:12:40,8716,5,100.0,7200000,4.2,28987392,2109771287,3165077646
2025-05-28T13:12:41,8716,5,100.0,7200000,4.2,28987392,2109771287,3165077646
2025-05-28T13:12:42,8716,5,100.0,7200000,4.2,28987392,2109771287,3165077646
2025-05-28T13:12:43,8716,5,100.0,7200000,4.2,28987392,2109771287,3165077646
2025-05-28T13:12:44,8716,5,100.0,7200000,4.2,28987392,2109771287,3165077646
2025-05-28T13:12:45,8716,5,100.0,7200000,4.2,28987392,2109771287,3165077646
2025-05-28T13:12:46,8716,5,100.0,7200000,4.2,28987392,2109771287,3165077646
2025-05-28T13:12:47,8731,5,100.0,7200000,4.2,28987392,2113376661,3170499606
2025-05-28T13:12:48,8731,5,100.0,7200000,4.2,28987392,2113376661,3170499606
2025-05-28T13:12:49,8731,5,100.0,7200000,4.2,28987392,2113376661,3170499606
2025-05-28T13:12:50,8731,5,100.0,7200000,4.2,28987392,2113376661,3170499606
2025-05-28T13:12:51,8731,5,100.0,7200000,4.2,28987392,2113376661,3170499606
2025-05-28T13:12:52,8731,5,100.0,7200000,4.2,28987392,2113376661,3170499606
2025-05-28T13:12:53,8731,5,100.0,7200000,4.2,28987392,2113376661,3170499606
2025-05-28T13:12:54,8731,5,100.0,7200000,4.2,28987392,2113376661,3170499606
2025-05-28T13:12:55,8731,5,100.0,7200000,4.2,28987392,2113376661,3170499606
2025-05-28T13:12:56,8731,5,100.0,7200000,4.2,28987392,2113376661,3170499606
2025-05-28T13:12:57,8731,5,100.0,7200000,4.2,28987392,2113376661,3170499606
2025-05-28T13:12:58,8731,5,100.0,7200000,4.2,28987392,2113376661,3170499606
2025-05-28T13:12:59,8731,5,100.0,7200000,4.2,28987392,2113376661,3170499606
2025-05-28T13:13:00,8731,5,100.0,7200000,4.2,28987392,2113376661,3170499606
2025-05-28T13:13:01,8731,5,100.0,7200000,4.2,28987392,2113376661,3170499606
2025-05-28T13:13:02,8746,5,100.0,7200000,4.21,28987392,2117060036,3175999517
2025-05-28T13:13:03,8746,5,100.0,7200000,4.21,28987392,2117060036,3175999517
2025-05-28T13:13:04,8746,5,100.0,7200000,4.21,28987392,2117060036,3175999517
2025-05-28T13:13:05,8746,5,100.0,7200000,4.21,28987392,2117060036,3175999517
2025-05-28T13:13:06,8746,5,100.0,7200000,4.21,28987392,2117060036,3175999517
2025-05-28T13:13:07,8746,5,100.0,7200000,4.21,28987392,2117060036,3175999517
2025-05-28T13:13:08,8746,5,100.0,7200000,4.21,28987392,2117060036,3175999517
2025-05-28T13:13:09,8746,5,100.0,7200000,4.21,28987392,2117060036,3175999517
2025-05-28T13:13:10,8746,5,100.0,7200000,4.21,28987392,2117060036,3175999517
2025-05-28T13:13:11,8746,5,100.0,7200000,4.21,28987392,2117060036,3175999517
2025-05-28T13:13:12,8746,5,100.0,7200000,4.21,28987392,2117060036,3175999517
2025-05-28T13:13:13,8746,5,100.0,7200000,4.21,28987392,2117060036,3175999517
2025-05-28T13:13:14,8746,5,100.0,7200000,4.21,28987392,2117060036,3175999517
2025-05-28T13:13:15,8746,5,100.0,7200000,4.21,28987392,2117060036,3175999517
2025-05-28T13:13:16,8746,5,100.0,7200000,4.21,28987392,2117060036,3175999517
2025-05-28T13:13:17,8761,5,100.0,7200000,4.22,28987392,2120620371,3181376335
2025-05-28T13:13:18,8761,5,100.0,7200000,4.22,28987392,2120620371,3181376335
2025-05-28T13:13:19,8761,5,100.0,7200000,4.22,28987392,2120620371,3181376335
2025-05-28T13:13:20,8761,5,100.0,7200000,4.22,28987392,2120620371,3181376335
2025-05-28T13:13:21,8761,5,100.0,7200000,4.22,28987392,2120620371,3181376335
2025-05-28T13:13:22,8761,5,100.0,7200000,4.22,28987392,2120620371,3181376335
2025-05-28T13:13:23,8761,5,100.0,7200000,4.22,28987392,2120620371,3181376335
2025-05-28T13:13:24,8761,5,100.0,7200000,4.22,28987392,2120620371,3181376335
2025-05-28T13:13:25,8761,5,100.0,7200000,4.22,28987392,2120620371,3181376335
2025-05-28T13:13:26,8761,5,100.0,7200000,4.22,28987392,2120620371,3181376335
2025-05-28T13:13:27,8761,5,100.0,7200000,4.22,28987392,2120620371,3181376335
2025-05-28T13:13:28,8761,5,100.0,7200000,4.22,28987392,2120620371,3181376335
2025-05-28T13:13:29,8761,5,100.0,7200000,4.22,28987392,2120620371,3181376335
2025-05-28T13:13:30,8761,5,100.0,7200000,4.22,28987392,2120620371,3181376335
2025-05-28T13:13:31,8761,5,100.0,7200000,4.22,28987392,2120620371,3181376335
2025-05-28T13:13:32,8776,5,100.0,7200000,4.22,28987392,2124254523,3186827463
2025-05-28T13:13:33,8776,5,100.0,7200000,4.22,28987392,2124254523,3186827463
2025-05-28T13:13:34,8776,5,100.0,7200000,4.22,28987392,2124254523,3186827463
2025-05-28T13:13:35,8776,5,100.0,7200000,4.22,28987392,2124254523,3186827463
2025-05-28T13:13:36,8776,5,100.0,7200000,4.22,28987392,2124254523,3186827463
2025-05-28T13:13:37,8776,5,100.0,7200000,4.22,28987392,2124254523,3186827463
2025-05-28T13:13:38,8776,5,100.0,7200000,4.22,28987392,2124254523,3186827463
2025-05-28T13:13:39,8776,5,100.0,7200000,4.22,28987392,2124254523,3186827463
2025-05-28T13:13:40,8776,5,100.0,7200000,4.22,28987392,2124254523,3186827463
2025-05-28T13:13:41,8776,5,100.0,7200000,4.22,28987392,2124254523,3186827463
2025-05-28T13:13:42,8776,5,100.0,7200000,4.22,28987392,2124254523,3186827463
2025-05-28T13:13:43,8776,5,100.0,7200000,4.22,28987392,2124254523,3186827463
2025-05-28T13:13:44,8776,5,100.0,7200000,4.22,28987392,2124254523,3186827463
2025-05-28T13:13:45,8776,5,100.0,7200000,4.22,28987392,2124254523,3186827463
2025-05-28T13:13:46,8776,5,100.0,7200000,4.22,28987392,2124254523,3186827463
2025-05-28T13:13:47,8791,5,100.0,7200000,4.23,28987392,2127880118,3192269802
2025-05-28T13:13:48,8791,5,100.0,7200000,4.23,28987392,2127880118,3192269802
2025-05-28T13:13:49,8791,5,100.0,7200000,4.23,28987392,2127880118,3192269802
2025-05-28T13:13:50,8791,5,100.0,7200000,4.23,28987392,2127880118,3192269802
2025-05-28T13:13:51,8791,5,100.0,7200000,4.23,28987392,2127880118,3192269802
2025-05-28T13:13:52,8791,5,100.0,7200000,4.23,28987392,2127880118,3192269802
2025-05-28T13:13:53,8791,5,100.0,7200000,4.23,28987392,2127880118,3192269802
2025-05-28T13:13:54,8791,5,100.0,7200000,4.23,28987392,2127880118,3192269802
2025-05-28T13:13:55,8791,5,100.0,7200000,4.23,28987392,2127880118,3192269802
2025-05-28T13:13:56,8791,5,100.0,7200000,4.23,28987392,2127880118,3192269802
2025-05-28T13:13:57,8791,5,100.0,7200000,4.23,28987392,2127880118,3192269802
2025-05-28T13:13:58,8791,5,100.0,7200000,4.23,28987392,2127880118,3192269802
2025-05-28T13:13:59,8791,5,100.0,7200000,4.23,28987392,2127880118,3192269802
2025-05-28T13:14:00,8791,5,100.0,7200000,4.23,28987392,2127880118,3192269802
2025-05-28T13:14:01,8791,5,100.0,7200000,4.23,28987392,2127880118,3192269802
2025-05-28T13:14:02,8806,5,100.0,7200000,4.23,28987392,2131482753,3197690952
2025-05-28T13:14:03,8806,5,100.0,7200000,4.23,28987392,2131482753,3197690952
2025-05-28T13:14:04,8806,5,100.0,7200000,4.23,28987392,2131482753,3197690952
2025-05-28T13:14:05,8806,5,100.0,7200000,4.23,28987392,2131482753,3197690952
2025-05-28T13:14:06,8806,5,100.0,7200000,4.23,28987392,2131482753,3197690952
2025-05-28T13:14:07,8806,5,100.0,7200000,4.23,28987392,2131482753,3197690952
2025-05-28T13:14:08,8806,5,100.0,7200000,4.23,28987392,2131482753,3197690952
2025-05-28T13:14:09,8806,5,100.0,7200000,4.23,28987392,2131482753,3197690952
2025-05-28T13:14:10,8806,5,100.0,7200000,4.23,28987392,2131482753,3197690952
2025-05-28T13:14:11,8806,5,100.0,7200000,4.23,28987392,2131482753,3197690952
2025-05-28T13:14:12,8806,5,100.0,7200000,4.23,28987392,2131482753,3197690952
2025-05-28T13:14:13,8806,5,100.0,7200000,4.23,28987392,2131482753,3197690952
2025-05-28T13:14:14,8806,5,100.0,7200000,4.23,28987392,2131482753,3197690952
2025-05-28T13:14:15,8806,5,100.0,7200000,4.23,28987392,2131482753,3197690952
2025-05-28T13:14:16,8806,5,100.0,7200000,4.23,28987392,2131482753,3197690952
2025-05-28T13:14:17,8821,5,100.0,7200000,4.24,28987392,2135165753,3203190902
2025-05-28T13:14:18,8821,5,100.0,7200000,4.24,28987392,2135165753,3203190902
2025-05-28T13:14:19,8821,5,100.0,7200000,4.24,28987392,2135165753,3203190902
2025-05-28T13:14:20,8821,5,100.0,7200000,4.24,28987392,2135165753,3203190902
2025-05-28T13:14:21,8821,5,100.0,7200000,4.24,28987392,2135165753,3203190902
2025-05-28T13:14:22,8821,5,100.0,7200000,4.24,28987392,2135165753,3203190902
2025-05-28T13:14:23,8821,5,100.0,7200000,4.24,28987392,2135165753,3203190902
2025-05-28T13:14:24,8821,5,100.0,7200000,4.24,28987392,2135165753,3203190902
2025-05-28T13:14:25,8821,5,100.0,7200000,4.24,28987392,2135165753,3203190902
2025-05-28T13:14:26,8821,5,100.0,7200000,4.24,28987392,2135165753,3203190902
2025-05-28T13:14:27,8821,5,100.0,7200000,4.24,28987392,2135165753,3203190902
2025-05-28T13:14:28,8821,5,100.0,7200000,4.24,28987392,2135165753,3203190902
2025-05-28T13:14:29,8821,5,100.0,7200000,4.24,28987392,2135165753,3203190902
2025-05-28T13:14:30,8821,5,100.0,7200000,4.24,28987392,2135165753,3203190902
2025-05-28T13:14:31,8821,5,100.0,7200000,4.24,28987392,2135165753,3203190902
2025-05-28T13:14:32,8836,5,100.0,7200000,4.24,28987392,2138480023,3208321503
2025-05-28T13:14:33,8836,5,100.0,7200000,4.24,28987392,2138480023,3208321503
2025-05-28T13:14:34,8836,5,100.0,7200000,4.24,28987392,2138480023,3208321503
2025-05-28T13:14:35,8836,5,100.0,7200000,4.24,28987392,2138480023,3208321503
2025-05-28T13:14:36,8836,5,100.0,7200000,4.24,28987392,2138480023,3208321503
2025-05-28T13:14:37,8836,5,100.0,7200000,4.24,28987392,2138480023,3208321503
2025-05-28T13:14:38,8836,5,100.0,7200000,4.24,28987392,2138480023,3208321503
2025-05-28T13:14:39,8836,5,100.0,7200000,4.24,28987392,2138480023,3208321503
2025-05-28T13:14:40,8836,5,100.0,7200000,4.24,28987392,2138480023,3208321503
2025-05-28T13:14:41,8836,5,100.0,7200000,4.24,28987392,2138480023,3208321503
2025-05-28T13:14:42,8836,5,100.0,7200000,4.24,28987392,2138480023,3208321503
2025-05-28T13:14:43,8836,5,100.0,7200000,4.24,28987392,2138480023,3208321503
2025-05-28T13:14:44,8836,5,100.0,7200000,4.24,28987392,2138480023,3208321503
2025-05-28T13:14:45,8836,5,100.0,7200000,4.24,28987392,2138480023,3208321503
2025-05-28T13:14:46,8836,5,100.0,7200000,4.24,28987392,2138480023,3208321503
2025-05-28T13:14:47,8851,5,100.0,7200000,4.25,28987392,2142345131,3214005031
2025-05-28T13:14:48,8851,5,100.0,7200000,4.25,28987392,2142345131,3214005031
2025-05-28T13:14:49,8851,5,100.0,7200000,4.25,28987392,2142345131,3214005031
2025-05-28T13:14:50,8851,5,100.0,7200000,4.25,28987392,2142345131,3214005031
2025-05-28T13:14:51,8851,5,100.0,7200000,4.25,28987392,2142345131,3214005031
2025-05-28T13:14:52,8851,5,100.0,7200000,4.25,28987392,2142345131,3214005031
2025-05-28T13:14:53,8851,5,100.0,7200000,4.25,28987392,2142345131,3214005031
2025-05-28T13:14:54,8851,5,100.0,7200000,4.25,28987392,2142345131,3214005031
2025-05-28T13:14:55,8851,5,100.0,7200000,4.25,28987392,2142345131,3214005031
2025-05-28T13:14:56,8851,5,100.0,7200000,4.25,28987392,2142345131,3214005031
2025-05-28T13:14:57,8851,5,100.0,7200000,4.25,28987392,2142345131,3214005031
2025-05-28T13:14:58,8851,5,100.0,7200000,4.25,28987392,2142345131,3214005031
2025-05-28T13:14:59,8851,5,100.0,7200000,4.25,28987392,2142345131,3214005031
2025-05-28T13:15:00,8851,5,100.0,7200000,4.25,28987392,2142345131,3214005031
2025-05-28T13:15:01,8851,5,100.0,7200000,4.25,28987392,2142345131,3214005031
2025-05-28T13:15:02,8866,5,100.0,7200000,4.26,28987392,2146028522,3219505272
2025-05-28T13:15:03,8866,5,100.0,7200000,4.26,28987392,2146028522,3219505272
2025-05-28T13:15:04,8866,5,100.0,7200000,4.26,28987392,2146028522,3219505272
2025-05-28T13:15:05,8866,5,100.0,7200000,4.26,28987392,2146028522,3219505272
2025-05-28T13:15:06,8866,5,100.0,7200000,4.26,28987392,2146028522,3219505272
2025-05-28T13:15:07,8866,5,100.0,7200000,4.26,28987392,2146028522,3219505272
2025-05-28T13:15:08,8866,5,100.0,7200000,4.26,28987392,2146028522,3219505272
2025-05-28T13:15:09,8866,5,100.0,7200000,4.26,28987392,2146028522,3219505272
2025-05-28T13:15:10,8866,5,100.0,7200000,4.26,28987392,2146028522,3219505272
2025-05-28T13:15:11,8866,5,100.0,7200000,4.26,28987392,2146028522,3219505272
2025-05-28T13:15:12,8866,5,100.0,7200000,4.26,28987392,2146028522,3219505272
2025-05-28T13:15:13,8866,5,100.0,7200000,4.26,28987392,2146028522,3219505272
2025-05-28T13:15:14,8866,5,100.0,7200000,4.26,28987392,2146028522,3219505272
2025-05-28T13:15:15,8866,5,100.0,7200000,4.26,28987392,2146028522,3219505272
2025-05-28T13:15:16,8866,5,100.0,7200000,4.26,28987392,2146028522,3219505272
2025-05-28T13:15:17,8881,5,100.0,7200000,4.27,28987392,2149588417,3224881909
2025-05-28T13:15:18,8881,5,100.0,7200000,4.27,28987392,2149588417,3224881909
2025-05-28T13:15:19,8881,5,100.0,7200000,4.27,28987392,2149588417,3224881909
2025-05-28T13:15:20,8881,5,100.0,7200000,4.27,28987392,2149588417,3224881909
2025-05-28T13:15:21,8881,5,100.0,7200000,4.27,28987392,2149588417,3224881909
2025-05-28T13:15:22,8881,5,100.0,7200000,4.27,28987392,2149588417,3224881909
2025-05-28T13:15:23,8881,5,100.0,7200000,4.27,28987392,2149588417,3224881909
2025-05-28T13:15:24,8881,5,100.0,7200000,4.27,28987392,2149588417,3224881909
2025-05-28T13:15:25,8881,5,100.0,7200000,4.27,28987392,2149588417,3224881909
2025-05-28T13:15:26,8881,5,100.0,7200000,4.27,28987392,2149588417,3224881909
2025-05-28T13:15:27,8881,5,100.0,7200000,4.27,28987392,2149588417,3224881909
2025-05-28T13:15:28,8881,5,100.0,7200000,4.27,28987392,2149588417,3224881909
2025-05-28T13:15:29,8881,5,100.0,7200000,4.27,28987392,2149588417,3224881909
2025-05-28T13:15:30,8881,5,100.0,7200000,4.27,28987392,2149588417,3224881909
2025-05-28T13:15:31,8881,5,100.0,7200000,4.27,28987392,2149588417,3224881909
2025-05-28T13:15:32,8896,5,100.0,7200000,4.27,28987392,2153226785,3230336608
2025-05-28T13:15:33,8896,5,100.0,7200000,4.27,28987392,2153226785,3230336608
2025-05-28T13:15:34,8896,5,100.0,7200000,4.27,28987392,2153226785,3230336608
2025-05-28T13:15:35,8896,5,100.0,7200000,4.27,28987392,2153226785,3230336608
2025-05-28T13:15:36,8896,5,100.0,7200000,4.27,28987392,2153226785,3230336608
2025-05-28T13:15:37,8896,5,100.0,7200000,4.27,28987392,2153226785,3230336608
2025-05-28T13:15:38,8896,5,100.0,7200000,4.27,28987392,2153226785,3230336608
2025-05-28T13:15:39,8896,5,100.0,7200000,4.27,28987392,2153226785,3230336608
2025-05-28T13:15:40,8896,5,100.0,7200000,4.27,28987392,2153226785,3230336608
2025-05-28T13:15:41,8896,5,100.0,7200000,4.27,28987392,2153226785,3230336608
2025-05-28T13:15:42,8896,5,100.0,7200000,4.27,28987392,2153226785,3230336608
2025-05-28T13:15:43,8896,5,100.0,7200000,4.27,28987392,2153226785,3230336608
2025-05-28T13:15:44,8896,5,100.0,7200000,4.27,28987392,2153226785,3230336608
2025-05-28T13:15:45,8896,5,100.0,7200000,4.27,28987392,2153226785,3230336608
2025-05-28T13:15:46,8896,5,100.0,7200000,4.27,28987392,2153226785,3230336608
2025-05-28T13:15:47,8911,5,100.0,7200000,4.28,28987392,2156893335,3235820059
2025-05-28T13:15:48,8911,5,100.0,7200000,4.28,28987392,2156893335,3235820059
2025-05-28T13:15:49,8911,5,100.0,7200000,4.28,28987392,2156893335,3235820059
2025-05-28T13:15:50,8911,5,100.0,7200000,4.28,28987392,2156893335,3235820059
2025-05-28T13:15:51,8911,5,100.0,7200000,4.28,28987392,2156893335,3235820059
2025-05-28T13:15:52,8911,5,100.0,7200000,4.28,28987392,2156893335,3235820059
2025-05-28T13:15:53,8911,5,100.0,7200000,4.28,28987392,2156893335,3235820059
2025-05-28T13:15:54,8911,5,100.0,7200000,4.28,28987392,2156893335,3235820059
2025-05-28T13:15:55,8911,5,100.0,7200000,4.28,28987392,2156893335,3235820059
2025-05-28T13:15:56,8911,5,100.0,7200000,4.28,28987392,2156893335,3235820059
2025-05-28T13:15:57,8911,5,100.0,7200000,4.28,28987392,2156893335,3235820059
2025-05-28T13:15:58,8911,5,100.0,7200000,4.28,28987392,2156893335,3235820059
2025-05-28T13:15:59,8911,5,100.0,7200000,4.28,28987392,2156893335,3235820059
2025-05-28T13:16:00,8911,5,100.0,7200000,4.28,28987392,2156893335,3235820059
2025-05-28T13:16:01,8911,5,100.0,7200000,4.28,28987392,2156893335,3235820059
2025-05-28T13:16:02,8926,5,100.0,7200000,4.29,28987392,2160452250,3241196267
2025-05-28T13:16:03,8926,5,100.0,7200000,4.29,28987392,2160452250,3241196267
2025-05-28T13:16:04,8926,5,100.0,7200000,4.29,28987392,2160452250,3241196267
2025-05-28T13:16:05,8926,5,100.0,7200000,4.29,28987392,2160452250,3241196267
2025-05-28T13:16:06,8926,5,100.0,7200000,4.29,28987392,2160452250,3241196267
2025-05-28T13:16:07,8926,5,100.0,7200000,4.29,28987392,2160452250,3241196267
2025-05-28T13:16:08,8926,5,100.0,7200000,4.29,28987392,2160452250,3241196267
2025-05-28T13:16:09,8926,5,100.0,7200000,4.29,28987392,2160452250,3241196267
2025-05-28T13:16:10,8926,5,100.0,7200000,4.29,28987392,2160452250,3241196267
2025-05-28T13:16:11,8926,5,100.0,7200000,4.29,28987392,2160452250,3241196267
2025-05-28T13:16:12,8926,5,100.0,7200000,4.29,28987392,2160452250,3241196267
2025-05-28T13:16:13,8926,5,100.0,7200000,4.29,28987392,2160452250,3241196267
2025-05-28T13:16:14,8926,5,100.0,7200000,4.29,28987392,2160452250,3241196267
2025-05-28T13:16:15,8926,5,100.0,7200000,4.29,28987392,2160452250,3241196267
2025-05-28T13:16:16,8926,5,100.0,7200000,4.29,28987392,2160452250,3241196267
2025-05-28T13:16:17,8941,6,100.0,7200000,4.34,33886208,2164421382,3247007434
2025-05-28T13:16:18,8941,6,100.0,7200000,4.34,33886208,2164421382,3247007434
2025-05-28T13:16:19,8941,6,100.0,7200000,4.34,33886208,2164421382,3247007434
2025-05-28T13:16:20,8941,6,100.0,7200000,4.34,33886208,2164421382,3247007434
2025-05-28T13:16:21,8941,6,100.0,7200000,4.34,33886208,2164421382,3247007434
2025-05-28T13:16:22,8941,6,100.0,7200000,4.34,33886208,2164421382,3247007434
2025-05-28T13:16:23,8941,6,100.0,7200000,4.34,33886208,2164421382,3247007434
2025-05-28T13:16:24,8941,6,100.0,7200000,4.34,33886208,2164421382,3247007434
2025-05-28T13:16:25,8941,6,100.0,7200000,4.34,33886208,2164421382,3247007434
2025-05-28T13:16:26,8941,6,100.0,7200000,4.34,33886208,2164421382,3247007434
2025-05-28T13:16:27,8941,6,100.0,7200000,4.34,33886208,2164421382,3247007434
2025-05-28T13:16:28,8941,6,100.0,7200000,4.34,33886208,2164421382,3247007434
2025-05-28T13:16:29,8941,6,100.0,7200000,4.34,33886208,2164421382,3247007434
2025-05-28T13:16:30,8941,6,100.0,7200000,4.34,33886208,2164421382,3247007434
2025-05-28T13:16:31,8941,6,100.0,7200000,4.34,33886208,2164421382,3247007434
2025-05-28T13:16:32,8956,6,100.0,9050000,4.34,33886208,2168088244,3252490853
2025-05-28T13:16:33,8956,6,100.0,9050000,4.34,33886208,2168088244,3252490853
2025-05-28T13:16:34,8956,6,100.0,9050000,4.34,33886208,2168088244,3252490853
2025-05-28T13:16:35,8956,6,100.0,9050000,4.34,33886208,2168088244,3252490853
2025-05-28T13:16:36,8956,6,100.0,9050000,4.34,33886208,2168088244,3252490853
2025-05-28T13:16:37,8956,6,100.0,9050000,4.34,33886208,2168088244,3252490853
2025-05-28T13:16:38,8956,6,100.0,9050000,4.34,33886208,2168088244,3252490853
2025-05-28T13:16:39,8956,6,100.0,9050000,4.34,33886208,2168088244,3252490853
2025-05-28T13:16:40,8956,6,100.0,9050000,4.34,33886208,2168088244,3252490853
2025-05-28T13:16:41,8956,6,100.0,9050000,4.34,33886208,2168088244,3252490853
2025-05-28T13:16:42,8956,6,100.0,9050000,4.34,33886208,2168088244,3252490853
2025-05-28T13:16:43,8956,6,100.0,9050000,4.34,33886208,2168088244,3252490853
2025-05-28T13:16:44,8956,6,100.0,9050000,4.34,33886208,2168088244,3252490853
2025-05-28T13:16:45,8956,6,100.0,9050000,4.34,33886208,2168088244,3252490853
2025-05-28T13:16:46,8956,6,100.0,9050000,4.34,33886208,2168088244,3252490853
2025-05-28T13:16:47,8971,6,100.0,9050000,4.35,34156544,2171709820,3257929126
2025-05-28T13:16:48,8971,6,100.0,9050000,4.35,34156544,2171709820,3257929126
2025-05-28T13:16:49,8971,6,100.0,9050000,4.35,34156544,2171709820,3257929126
2025-05-28T13:16:50,8971,6,100.0,9050000,4.35,34156544,2171709820,3257929126
2025-05-28T13:16:51,8971,6,100.0,9050000,4.35,34156544,2171709820,3257929126
2025-05-28T13:16:52,8971,6,100.0,9050000,4.35,34156544,2171709820,3257929126
2025-05-28T13:16:53,8971,6,100.0,9050000,4.35,34156544,2171709820,3257929126
2025-05-28T13:16:54,8971,6,100.0,9050000,4.35,34156544,2171709820,3257929126
2025-05-28T13:16:55,8971,6,100.0,9050000,4.35,34156544,2171709820,3257929126
2025-05-28T13:16:56,8971,6,100.0,9050000,4.35,34156544,2171709820,3257929126
2025-05-28T13:16:57,8971,6,100.0,9050000,4.35,34156544,2171709820,3257929126
2025-05-28T13:16:58,8971,6,100.0,9050000,4.35,34156544,2171709820,3257929126
2025-05-28T13:16:59,8971,6,100.0,9050000,4.35,34156544,2171709820,3257929126
2025-05-28T13:17:00,8971,6,100.0,9050000,4.35,34156544,2171709820,3257929126
2025-05-28T13:17:01,8971,6,100.0,9050000,4.35,34156544,2171709820,3257929126
2025-05-28T13:17:02,8986,6,100.0,9050000,4.35,34422784,2175286086,3263322138
2025-05-28T13:17:03,8986,6,100.0,9050000,4.35,34422784,2175286086,3263322138
2025-05-28T13:17:04,8986,6,100.0,9050000,4.35,34422784,2175286086,3263322138
2025-05-28T13:17:05,8986,6,100.0,9050000,4.35,34422784,2175286086,3263322138
2025-05-28T13:17:06,8986,6,100.0,9050000,4.35,34422784,2175286086,3263322138
2025-05-28T13:17:07,8986,6,100.0,9050000,4.35,34422784,2175286086,3263322138
2025-05-28T13:17:08,8986,6,100.0,9050000,4.35,34422784,2175286086,3263322138
2025-05-28T13:17:09,8986,6,100.0,9050000,4.35,34422784,2175286086,3263322138
2025-05-28T13:17:10,8986,6,100.0,9050000,4.35,34422784,2175286086,3263322138
2025-05-28T13:17:11,8986,6,100.0,9050000,4.35,34422784,2175286086,3263322138
2025-05-28T13:17:12,8986,6,100.0,9050000,4.35,34422784,2175286086,3263322138
2025-05-28T13:17:13,8986,6,100.0,9050000,4.35,34422784,2175286086,3263322138
2025-05-28T13:17:14,8986,6,100.0,9050000,4.35,34422784,2175286086,3263322138
2025-05-28T13:17:15,8986,6,100.0,9050000,4.35,34422784,2175286086,3263322138
2025-05-28T13:17:16,8986,6,100.0,9050000,4.35,34422784,2175286086,3263322138
2025-05-28T13:17:17,9001,6,100.0,9050000,4.35,34422784,2178952676,3268805756
2025-05-28T13:17:18,9001,6,100.0,9050000,4.35,34422784,2178952676,3268805756
2025-05-28T13:17:19,9001,6,100.0,9050000,4.35,34422784,2178952676,3268805756
2025-05-28T13:17:20,9001,6,100.0,9050000,4.35,34422784,2178952676,3268805756
2025-05-28T13:17:21,9001,6,100.0,9050000,4.35,34422784,2178952676,3268805756
2025-05-28T13:17:22,9001,6,100.0,9050000,4.35,34422784,2178952676,3268805756
2025-05-28T13:17:23,9001,6,100.0,9050000,4.35,34422784,2178952676,3268805756
2025-05-28T13:17:24,9001,6,100.0,9050000,4.35,34422784,2178952676,3268805756
2025-05-28T13:17:25,9001,6,100.0,9050000,4.35,34422784,2178952676,3268805756
2025-05-28T13:17:26,9001,6,100.0,9050000,4.35,34422784,2178952676,3268805756
2025-05-28T13:17:27,9001,6,100.0,9050000,4.35,34422784,2178952676,3268805756
2025-05-28T13:17:28,9001,6,100.0,9050000,4.35,34422784,2178952676,3268805756
2025-05-28T13:17:29,9001,6,100.0,9050000,4.35,34422784,2178952676,3268805756
2025-05-28T13:17:30,9001,6,100.0,9050000,4.35,34422784,2178952676,3268805756
2025-05-28T13:17:31,9001,6,100.0,9050000,4.35,34422784,2178952676,3268805756
2025-05-28T13:17:32,9016,6,100.0,9050000,4.37,34676736,2182526526,3274197292
2025-05-28T13:17:33,9016,6,100.0,9050000,4.37,34676736,2182526526,3274197292
2025-05-28T13:17:34,9016,6,100.0,9050000,4.37,34676736,2182526526,3274197292
2025-05-28T13:17:35,9016,6,100.0,9050000,4.37,34676736,2182526526,3274197292
2025-05-28T13:17:36,9016,6,100.0,9050000,4.37,34676736,2182526526,3274197292
2025-05-28T13:17:37,9016,6,100.0,9050000,4.37,34676736,2182526526,3274197292
2025-05-28T13:17:38,9016,6,100.0,9050000,4.37,34676736,2182526526,3274197292
2025-05-28T13:17:39,9016,6,100.0,9050000,4.37,34676736,2182526526,3274197292
2025-05-28T13:17:40,9016,6,100.0,9050000,4.37,34676736,2182526526,3274197292
2025-05-28T13:17:41,9016,6,100.0,9050000,4.37,34676736,2182526526,3274197292
2025-05-28T13:17:42,9016,6,100.0,9050000,4.37,34676736,2182526526,3274197292
2025-05-28T13:17:43,9016,6,100.0,9050000,4.37,34676736,2182526526,3274197292
2025-05-28T13:17:44,9016,6,100.0,9050000,4.37,34676736,2182526526,3274197292
2025-05-28T13:17:45,9016,6,100.0,9050000,4.37,34676736,2182526526,3274197292
2025-05-28T13:17:46,9016,6,100.0,9050000,4.37,34676736,2182526526,3274197292
2025-05-28T13:17:47,9031,6,100.0,9050000,4.37,34676736,2186131698,3279619523
2025-05-28T13:17:48,9031,6,100.0,9050000,4.37,34676736,2186131698,3279619523
2025-05-28T13:17:49,9031,6,100.0,9050000,4.37,34676736,2186131698,3279619523
2025-05-28T13:17:50,9031,6,100.0,9050000,4.37,34676736,2186131698,3279619523
2025-05-28T13:17:51,9031,6,100.0,9050000,4.37,34676736,2186131698,3279619523
2025-05-28T13:17:52,9031,6,100.0,9050000,4.37,34676736,2186131698,3279619523
2025-05-28T13:17:53,9031,6,100.0,9050000,4.37,34676736,2186131698,3279619523
2025-05-28T13:17:54,9031,6,100.0,9050000,4.37,34676736,2186131698,3279619523
2025-05-28T13:17:55,9031,6,100.0,9050000,4.37,34676736,2186131698,3279619523
2025-05-28T13:17:56,9031,6,100.0,9050000,4.37,34676736,2186131698,3279619523
2025-05-28T13:17:57,9031,6,100.0,9050000,4.37,34676736,2186131698,3279619523
2025-05-28T13:17:58,9031,6,100.0,9050000,4.37,34676736,2186131698,3279619523
2025-05-28T13:17:59,9031,6,100.0,9050000,4.37,34676736,2186131698,3279619523
2025-05-28T13:18:00,9031,6,100.0,9050000,4.37,34676736,2186131698,3279619523
2025-05-28T13:18:01,9031,6,100.0,9050000,4.37,34676736,2186131698,3279619523
2025-05-28T13:18:02,9046,6,100.0,9050000,4.38,34676736,2189768560,3285073966
2025-05-28T13:18:03,9046,6,100.0,9050000,4.38,34676736,2189768560,3285073966
2025-05-28T13:18:04,9046,6,100.0,9050000,4.38,34676736,2189768560,3285073966
2025-05-28T13:18:05,9046,6,100.0,9050000,4.38,34676736,2189768560,3285073966
2025-05-28T13:18:06,9046,6,100.0,9050000,4.38,34676736,2189768560,3285073966
2025-05-28T13:18:07,9046,6,100.0,9050000,4.38,34676736,2189768560,3285073966
2025-05-28T13:18:08,9046,6,100.0,9050000,4.38,34676736,2189768560,3285073966
2025-05-28T13:18:09,9046,6,100.0,9050000,4.38,34676736,2189768560,3285073966
2025-05-28T13:18:10,9046,6,100.0,9050000,4.38,34676736,2189768560,3285073966
2025-05-28T13:18:11,9046,6,100.0,9050000,4.38,34676736,2189768560,3285073966
2025-05-28T13:18:12,9046,6,100.0,9050000,4.38,34676736,2189768560,3285073966
2025-05-28T13:18:13,9046,6,100.0,9050000,4.38,34676736,2189768560,3285073966
2025-05-28T13:18:14,9046,6,100.0,9050000,4.38,34676736,2189768560,3285073966
2025-05-28T13:18:15,9046,6,100.0,9050000,4.38,34676736,2189768560,3285073966
2025-05-28T13:18:16,9046,6,100.0,9050000,4.38,34676736,2189768560,3285073966
2025-05-28T13:18:17,9061,6,100.0,9050000,4.38,34676736,2193373757,3290496062
2025-05-28T13:18:18,9061,6,100.0,9050000,4.38,34676736,2193373757,3290496062
2025-05-28T13:18:19,9061,6,100.0,9050000,4.38,34676736,2193373757,3290496062
2025-05-28T13:18:20,9061,6,100.0,9050000,4.38,34676736,2193373757,3290496062
2025-05-28T13:18:21,9061,6,100.0,9050000,4.38,34676736,2193373757,3290496062
2025-05-28T13:18:22,9061,6,100.0,9050000,4.38,34676736,2193373757,3290496062
2025-05-28T13:18:23,9061,6,100.0,9050000,4.38,34676736,2193373757,3290496062
2025-05-28T13:18:24,9061,6,100.0,9050000,4.38,34676736,2193373757,3290496062
2025-05-28T13:18:25,9061,6,100.0,9050000,4.38,34676736,2193373757,3290496062
2025-05-28T13:18:26,9061,6,100.0,9050000,4.38,34676736,2193373757,3290496062
2025-05-28T13:18:27,9061,6,100.0,9050000,4.38,34676736,2193373757,3290496062
2025-05-28T13:18:28,9061,6,100.0,9050000,4.38,34676736,2193373757,3290496062
2025-05-28T13:18:29,9061,6,100.0,9050000,4.38,34676736,2193373757,3290496062
2025-05-28T13:18:30,9061,6,100.0,9050000,4.38,34676736,2193373757,3290496062
2025-05-28T13:18:31,9061,6,100.0,9050000,4.38,34676736,2193373757,3290496062
2025-05-28T13:18:32,9076,6,100.0,9050000,4.39,34676736,2197011008,3295950343
2025-05-28T13:18:33,9076,6,100.0,9050000,4.39,34676736,2197011008,3295950343
2025-05-28T13:18:34,9076,6,100.0,9050000,4.39,34676736,2197011008,3295950343
2025-05-28T13:18:35,9076,6,100.0,9050000,4.39,34676736,2197011008,3295950343
2025-05-28T13:18:36,9076,6,100.0,9050000,4.39,34676736,2197011008,3295950343
2025-05-28T13:18:37,9076,6,100.0,9050000,4.39,34676736,2197011008,3295950343
2025-05-28T13:18:38,9076,6,100.0,9050000,4.39,34676736,2197011008,3295950343
2025-05-28T13:18:39,9076,6,100.0,9050000,4.39,34676736,2197011008,3295950343
2025-05-28T13:18:40,9076,6,100.0,9050000,4.39,34676736,2197011008,3295950343
2025-05-28T13:18:41,9076,6,100.0,9050000,4.39,34676736,2197011008,3295950343
2025-05-28T13:18:42,9076,6,100.0,9050000,4.39,34676736,2197011008,3295950343
2025-05-28T13:18:43,9076,6,100.0,9050000,4.39,34676736,2197011008,3295950343
2025-05-28T13:18:44,9076,6,100.0,9050000,4.39,34676736,2197011008,3295950343
2025-05-28T13:18:45,9076,6,100.0,9050000,4.39,34676736,2197011008,3295950343
2025-05-28T13:18:46,9076,6,100.0,9050000,4.39,34676736,2197011008,3295950343
2025-05-28T13:18:47,9091,6,100.0,9050000,4.4,34676736,2200677380,3301433359
2025-05-28T13:18:48,9091,6,100.0,9050000,4.4,34676736,2200677380,3301433359
2025-05-28T13:18:49,9091,6,100.0,9050000,4.4,34676736,2200677380,3301433359
2025-05-28T13:18:50,9091,6,100.0,9050000,4.4,34676736,2200677380,3301433359
2025-05-28T13:18:51,9091,6,100.0,9050000,4.4,34676736,2200677380,3301433359
2025-05-28T13:18:52,9091,6,100.0,9050000,4.4,34676736,2200677380,3301433359
2025-05-28T13:18:53,9091,6,100.0,9050000,4.4,34676736,2200677380,3301433359
2025-05-28T13:18:54,9091,6,100.0,9050000,4.4,34676736,2200677380,3301433359
2025-05-28T13:18:55,9091,6,100.0,9050000,4.4,34676736,2200677380,3301433359
2025-05-28T13:18:56,9091,6,100.0,9050000,4.4,34676736,2200677380,3301433359
2025-05-28T13:18:57,9091,6,100.0,9050000,4.4,34676736,2200677380,3301433359
2025-05-28T13:18:58,9091,6,100.0,9050000,4.4,34676736,2200677380,3301433359
2025-05-28T13:18:59,9091,6,100.0,9050000,4.4,34676736,2200677380,3301433359
2025-05-28T13:19:00,9091,6,100.0,9050000,4.4,34676736,2200677380,3301433359
2025-05-28T13:19:01,9091,6,100.0,9050000,4.4,34676736,2200677380,3301433359
2025-05-28T13:19:02,9106,6,100.0,9050000,4.4,34676736,2204298478,3306871413
2025-05-28T13:19:03,9106,6,100.0,9050000,4.4,34676736,2204298478,3306871413
2025-05-28T13:19:04,9106,6,100.0,9050000,4.4,34676736,2204298478,3306871413
2025-05-28T13:19:05,9106,6,100.0,9050000,4.4,34676736,2204298478,3306871413
2025-05-28T13:19:06,9106,6,100.0,9050000,4.4,34676736,2204298478,3306871413
2025-05-28T13:19:07,9106,6,100.0,9050000,4.4,34676736,2204298478,3306871413
2025-05-28T13:19:08,9106,6,100.0,9050000,4.4,34676736,2204298478,3306871413
2025-05-28T13:19:09,9106,6,100.0,9050000,4.4,34676736,2204298478,3306871413
2025-05-28T13:19:10,9106,6,100.0,9050000,4.4,34676736,2204298478,3306871413
2025-05-28T13:19:11,9106,6,100.0,9050000,4.4,34676736,2204298478,3306871413
2025-05-28T13:19:12,9106,6,100.0,9050000,4.4,34676736,2204298478,3306871413
2025-05-28T13:19:13,9106,6,100.0,9050000,4.4,34676736,2204298478,3306871413
2025-05-28T13:19:14,9106,6,100.0,9050000,4.4,34676736,2204298478,3306871413
2025-05-28T13:19:15,9106,6,100.0,9050000,4.4,34676736,2204298478,3306871413
2025-05-28T13:19:16,9106,6,100.0,9050000,4.4,34676736,2204298478,3306871413
2025-05-28T13:19:17,9121,6,100.0,9050000,4.41,34676736,2207871510,3312260877
2025-05-28T13:19:18,9121,6,100.0,9050000,4.41,34676736,2207871510,3312260877
2025-05-28T13:19:19,9121,6,100.0,9050000,4.41,34676736,2207871510,3312260877
2025-05-28T13:19:20,9121,6,100.0,9050000,4.41,34676736,2207871510,3312260877
2025-05-28T13:19:21,9121,6,100.0,9050000,4.41,34676736,2207871510,3312260877
2025-05-28T13:19:22,9121,6,100.0,9050000,4.41,34676736,2207871510,3312260877
2025-05-28T13:19:23,9121,6,100.0,9050000,4.41,34676736,2207871510,3312260877
2025-05-28T13:19:24,9121,6,100.0,9050000,4.41,34676736,2207871510,3312260877
2025-05-28T13:19:25,9121,6,100.0,9050000,4.41,34676736,2207871510,3312260877
2025-05-28T13:19:26,9121,6,100.0,9050000,4.41,34676736,2207871510,3312260877
2025-05-28T13:19:27,9121,6,100.0,9050000,4.41,34676736,2207871510,3312260877
2025-05-28T13:19:28,9121,6,100.0,9050000,4.41,34676736,2207871510,3312260877
2025-05-28T13:19:29,9121,6,100.0,9050000,4.41,34676736,2207871510,3312260877
2025-05-28T13:19:30,9121,6,100.0,9050000,4.41,34676736,2207871510,3312260877
2025-05-28T13:19:31,9121,6,100.0,9050000,4.41,34676736,2207871510,3312260877
2025-05-28T13:19:32,9136,6,100.0,9050000,4.41,34676736,2211542635,3317748647
2025-05-28T13:19:33,9136,6,100.0,9050000,4.41,34676736,2211542635,3317748647
2025-05-28T13:19:34,9136,6,100.0,9050000,4.41,34676736,2211542635,3317748647
2025-05-28T13:19:35,9136,6,100.0,9050000,4.41,34676736,2211542635,3317748647
2025-05-28T13:19:36,9136,6,100.0,9050000,4.41,34676736,2211542635,3317748647
2025-05-28T13:19:37,9136,6,100.0,9050000,4.41,34676736,2211542635,3317748647
2025-05-28T13:19:38,9136,6,100.0,9050000,4.41,34676736,2211542635,3317748647
2025-05-28T13:19:39,9136,6,100.0,9050000,4.41,34676736,2211542635,3317748647
2025-05-28T13:19:40,9136,6,100.0,9050000,4.41,34676736,2211542635,3317748647
2025-05-28T13:19:41,9136,6,100.0,9050000,4.41,34676736,2211542635,3317748647
2025-05-28T13:19:42,9136,6,100.0,9050000,4.41,34676736,2211542635,3317748647
2025-05-28T13:19:43,9136,6,100.0,9050000,4.41,34676736,2211542635,3317748647
2025-05-28T13:19:44,9136,6,100.0,9050000,4.41,34676736,2211542635,3317748647
2025-05-28T13:19:45,9136,6,100.0,9050000,4.41,34676736,2211542635,3317748647
2025-05-28T13:19:46,9136,6,100.0,9050000,4.41,34676736,2211542635,3317748647
2025-05-28T13:19:47,9151,6,100.0,9050000,4.42,34676736,2215164408,3323187036
2025-05-28T13:19:48,9151,6,100.0,9050000,4.42,34676736,2215164408,3323187036
2025-05-28T13:19:49,9151,6,100.0,9050000,4.42,34676736,2215164408,3323187036
2025-05-28T13:19:50,9151,6,100.0,9050000,4.42,34676736,2215164408,3323187036
2025-05-28T13:19:51,9151,6,100.0,9050000,4.42,34676736,2215164408,3323187036
2025-05-28T13:19:52,9151,6,100.0,9050000,4.42,34676736,2215164408,3323187036
2025-05-28T13:19:53,9151,6,100.0,9050000,4.42,34676736,2215164408,3323187036
2025-05-28T13:19:54,9151,6,100.0,9050000,4.42,34676736,2215164408,3323187036
2025-05-28T13:19:55,9151,6,100.0,9050000,4.42,34676736,2215164408,3323187036
2025-05-28T13:19:56,9151,6,100.0,9050000,4.42,34676736,2215164408,3323187036
2025-05-28T13:19:57,9151,6,100.0,9050000,4.42,34676736,2215164408,3323187036
2025-05-28T13:19:58,9151,6,100.0,9050000,4.42,34676736,2215164408,3323187036
2025-05-28T13:19:59,9151,6,100.0,9050000,4.42,34676736,2215164408,3323187036
2025-05-28T13:20:00,9151,6,100.0,9050000,4.42,34676736,2215164408,3323187036
2025-05-28T13:20:01,9151,6,100.0,9050000,4.42,34676736,2215164408,3323187036
2025-05-28T13:20:02,9166,6,100.0,9050000,4.43,29749248,2218786665,3328625986
2025-05-28T13:20:03,9166,6,100.0,9050000,4.43,29749248,2218786665,3328625986
2025-05-28T13:20:04,9166,6,100.0,9050000,4.43,29749248,2218786665,3328625986
2025-05-28T13:20:05,9166,6,100.0,9050000,4.43,29749248,2218786665,3328625986
2025-05-28T13:20:06,9166,6,100.0,9050000,4.43,29749248,2218786665,3328625986
2025-05-28T13:20:07,9166,6,100.0,9050000,4.43,29749248,2218786665,3328625986
2025-05-28T13:20:08,9166,6,100.0,9050000,4.43,29749248,2218786665,3328625986
2025-05-28T13:20:09,9166,6,100.0,9050000,4.43,29749248,2218786665,3328625986
2025-05-28T13:20:10,9166,6,100.0,9050000,4.43,29749248,2218786665,3328625986
2025-05-28T13:20:11,9166,6,100.0,9050000,4.43,29749248,2218786665,3328625986
2025-05-28T13:20:12,9166,6,100.0,9050000,4.43,29749248,2218786665,3328625986
2025-05-28T13:20:13,9166,6,100.0,9050000,4.43,29749248,2218786665,3328625986
2025-05-28T13:20:14,9166,6,100.0,9050000,4.43,29749248,2218786665,3328625986
2025-05-28T13:20:15,9166,6,100.0,9050000,4.43,29749248,2218786665,3328625986
2025-05-28T13:20:16,9166,6,100.0,9050000,4.43,29749248,2218786665,3328625986
2025-05-28T13:20:17,9181,6,100.0,9050000,4.45,29749248,2222672770,3334329516
2025-05-28T13:20:18,9181,6,100.0,9050000,4.45,29749248,2222672770,3334329516
2025-05-28T13:20:19,9181,6,100.0,9050000,4.45,29749248,2222672770,3334329516
2025-05-28T13:20:20,9181,6,100.0,9050000,4.45,29749248,2222672770,3334329516
2025-05-28T13:20:21,9181,6,100.0,9050000,4.45,29749248,2222672770,3334329516
2025-05-28T13:20:22,9181,6,100.0,9050000,4.45,29749248,2222672770,3334329516
2025-05-28T13:20:23,9181,6,100.0,9050000,4.45,29749248,2222672770,3334329516
2025-05-28T13:20:24,9181,6,100.0,9050000,4.45,29749248,2222672770,3334329516
2025-05-28T13:20:25,9181,6,100.0,9050000,4.45,29749248,2222672770,3334329516
2025-05-28T13:20:26,9181,6,100.0,9050000,4.45,29749248,2222672770,3334329516
2025-05-28T13:20:27,9181,6,100.0,9050000,4.45,29749248,2222672770,3334329516
2025-05-28T13:20:28,9181,6,100.0,9050000,4.45,29749248,2222672770,3334329516
2025-05-28T13:20:29,9181,6,100.0,9050000,4.45,29749248,2222672770,3334329516
2025-05-28T13:20:30,9181,6,100.0,9050000,4.45,29749248,2222672770,3334329516
2025-05-28T13:20:31,9181,6,100.0,9050000,4.45,29749248,2222672770,3334329516
2025-05-28T13:20:32,9196,6,100.0,9050000,4.45,29749248,2225979220,3339452506
2025-05-28T13:20:33,9196,6,100.0,9050000,4.45,29749248,2225979220,3339452506
2025-05-28T13:20:34,9196,6,100.0,9050000,4.45,29749248,2225979220,3339452506
2025-05-28T13:20:35,9196,6,100.0,9050000,4.45,29749248,2225979220,3339452506
2025-05-28T13:20:36,9196,6,100.0,9050000,4.45,29749248,2225979220,3339452506
2025-05-28T13:20:37,9196,6,100.0,9050000,4.45,29749248,2225979220,3339452506
2025-05-28T13:20:38,9196,6,100.0,9050000,4.45,29749248,2225979220,3339452506
2025-05-28T13:20:39,9196,6,100.0,9050000,4.45,29749248,2225979220,3339452506
2025-05-28T13:20:40,9196,6,100.0,9050000,4.45,29749248,2225979220,3339452506
2025-05-28T13:20:41,9196,6,100.0,9050000,4.45,29749248,2225979220,3339452506
2025-05-28T13:20:42,9196,6,100.0,9050000,4.45,29749248,2225979220,3339452506
2025-05-28T13:20:43,9196,6,100.0,9050000,4.45,29749248,2225979220,3339452506
2025-05-28T13:20:44,9196,6,100.0,9050000,4.45,29749248,2225979220,3339452506
2025-05-28T13:20:45,9196,6,100.0,9050000,4.45,29749248,2225979220,3339452506
2025-05-28T13:20:46,9196,6,100.0,9050000,4.45,29749248,2225979220,3339452506
2025-05-28T13:20:47,9211,6,100.0,9050000,4.46,29749248,2229600708,3344891154
2025-05-28T13:20:48,9211,6,100.0,9050000,4.46,29749248,2229600708,3344891154
2025-05-28T13:20:49,9211,6,100.0,9050000,4.46,29749248,2229600708,3344891154
2025-05-28T13:20:50,9211,6,100.0,9050000,4.46,29749248,2229600708,3344891154
2025-05-28T13:20:51,9211,6,100.0,9050000,4.46,29749248,2229600708,3344891154
2025-05-28T13:20:52,9211,6,100.0,9050000,4.46,29749248,2229600708,3344891154
2025-05-28T13:20:53,9211,6,100.0,9050000,4.46,29749248,2229600708,3344891154
2025-05-28T13:20:54,9211,6,100.0,9050000,4.46,29749248,2229600708,3344891154
2025-05-28T13:20:55,9211,6,100.0,9050000,4.46,29749248,2229600708,3344891154
2025-05-28T13:20:56,9211,6,100.0,9050000,4.46,29749248,2229600708,3344891154
2025-05-28T13:20:57,9211,6,100.0,9050000,4.46,29749248,2229600708,3344891154
2025-05-28T13:20:58,9211,6,100.0,9050000,4.46,29749248,2229600708,3344891154
2025-05-28T13:20:59,9211,6,100.0,9050000,4.46,29749248,2229600708,3344891154
2025-05-28T13:21:00,9211,6,100.0,9050000,4.46,29749248,2229600708,3344891154
2025-05-28T13:21:01,9211,6,100.0,9050000,4.46,29749248,2229600708,3344891154
2025-05-28T13:21:02,9226,6,100.0,9050000,4.47,29749248,2233271614,3350378724
2025-05-28T13:21:03,9226,6,100.0,9050000,4.47,29749248,2233271614,3350378724
2025-05-28T13:21:04,9226,6,100.0,9050000,4.47,29749248,2233271614,3350378724
2025-05-28T13:21:05,9226,6,100.0,9050000,4.47,29749248,2233271614,3350378724
2025-05-28T13:21:06,9226,6,100.0,9050000,4.47,29749248,2233271614,3350378724
2025-05-28T13:21:07,9226,6,100.0,9050000,4.47,29749248,2233271614,3350378724
2025-05-28T13:21:08,9226,6,100.0,9050000,4.47,29749248,2233271614,3350378724
2025-05-28T13:21:09,9226,6,100.0,9050000,4.47,29749248,2233271614,3350378724
2025-05-28T13:21:10,9226,6,100.0,9050000,4.47,29749248,2233271614,3350378724
2025-05-28T13:21:11,9226,6,100.0,9050000,4.47,29749248,2233271614,3350378724
2025-05-28T13:21:12,9226,6,100.0,9050000,4.47,29749248,2233271614,3350378724
2025-05-28T13:21:13,9226,6,100.0,9050000,4.47,29749248,2233271614,3350378724
2025-05-28T13:21:14,9226,6,100.0,9050000,4.47,29749248,2233271614,3350378724
2025-05-28T13:21:15,9226,6,100.0,9050000,4.47,29749248,2233271614,3350378724
2025-05-28T13:21:16,9226,6,100.0,9050000,4.47,29749248,2233271614,3350378724
2025-05-28T13:21:17,9241,6,100.0,9050000,4.47,29749248,2236893950,3355817441
2025-05-28T13:21:18,9241,6,100.0,9050000,4.47,29749248,2236893950,3355817441
2025-05-28T13:21:19,9241,6,100.0,9050000,4.47,29749248,2236893950,3355817441
2025-05-28T13:21:20,9241,6,100.0,9050000,4.47,29749248,2236893950,3355817441
2025-05-28T13:21:21,9241,6,100.0,9050000,4.47,29749248,2236893950,3355817441
2025-05-28T13:21:22,9241,6,100.0,9050000,4.47,29749248,2236893950,3355817441
2025-05-28T13:21:23,9241,6,100.0,9050000,4.47,29749248,2236893950,3355817441
2025-05-28T13:21:24,9241,6,100.0,9050000,4.47,29749248,2236893950,3355817441
2025-05-28T13:21:25,9241,6,100.0,9050000,4.47,29749248,2236893950,3355817441
2025-05-28T13:21:26,9241,6,100.0,9050000,4.47,29749248,2236893950,3355817441
2025-05-28T13:21:27,9241,6,100.0,9050000,4.47,29749248,2236893950,3355817441
2025-05-28T13:21:28,9241,6,100.0,9050000,4.47,29749248,2236893950,3355817441
2025-05-28T13:21:29,9241,6,100.0,9050000,4.47,29749248,2236893950,3355817441
2025-05-28T13:21:30,9241,6,100.0,9050000,4.47,29749248,2236893950,3355817441
2025-05-28T13:21:31,9241,6,100.0,9050000,4.47,29749248,2236893950,3355817441
2025-05-28T13:21:32,9256,6,100.0,9050000,4.48,29749248,2240449419,3361189812
2025-05-28T13:21:33,9256,6,100.0,9050000,4.48,29749248,2240449419,3361189812
2025-05-28T13:21:34,9256,6,100.0,9050000,4.48,29749248,2240449419,3361189812
2025-05-28T13:21:35,9256,6,100.0,9050000,4.48,29749248,2240449419,3361189812
2025-05-28T13:21:36,9256,6,100.0,9050000,4.48,29749248,2240449419,3361189812
2025-05-28T13:21:37,9256,6,100.0,9050000,4.48,29749248,2240449419,3361189812
2025-05-28T13:21:38,9256,6,100.0,9050000,4.48,29749248,2240449419,3361189812
2025-05-28T13:21:39,9256,6,100.0,9050000,4.48,29749248,2240449419,3361189812
2025-05-28T13:21:40,9256,6,100.0,9050000,4.48,29749248,2240449419,3361189812
2025-05-28T13:21:41,9256,6,100.0,9050000,4.48,29749248,2240449419,3361189812
2025-05-28T13:21:42,9256,6,100.0,9050000,4.48,29749248,2240449419,3361189812
2025-05-28T13:21:43,9256,6,100.0,9050000,4.48,29749248,2240449419,3361189812
2025-05-28T13:21:44,9256,6,100.0,9050000,4.48,29749248,2240449419,3361189812
2025-05-28T13:21:45,9256,6,100.0,9050000,4.48,29749248,2240449419,3361189812
2025-05-28T13:21:46,9256,6,100.0,9050000,4.48,29749248,2240449419,3361189812
2025-05-28T13:21:47,9271,6,100.0,9050000,4.48,29749248,2244136824,3366694222
2025-05-28T13:21:48,9271,6,100.0,9050000,4.48,29749248,2244136824,3366694222
2025-05-28T13:21:49,9271,6,100.0,9050000,4.48,29749248,2244136824,3366694222
2025-05-28T13:21:50,9271,6,100.0,9050000,4.48,29749248,2244136824,3366694222
2025-05-28T13:21:51,9271,6,100.0,9050000,4.48,29749248,2244136824,3366694222
2025-05-28T13:21:52,9271,6,100.0,9050000,4.48,29749248,2244136824,3366694222
2025-05-28T13:21:53,9271,6,100.0,9050000,4.48,29749248,2244136824,3366694222
2025-05-28T13:21:54,9271,6,100.0,9050000,4.48,29749248,2244136824,3366694222
2025-05-28T13:21:55,9271,6,100.0,9050000,4.48,29749248,2244136824,3366694222
2025-05-28T13:21:56,9271,6,100.0,9050000,4.48,29749248,2244136824,3366694222
2025-05-28T13:21:57,9271,6,100.0,9050000,4.48,29749248,2244136824,3366694222
2025-05-28T13:21:58,9271,6,100.0,9050000,4.48,29749248,2244136824,3366694222
2025-05-28T13:21:59,9271,6,100.0,9050000,4.48,29749248,2244136824,3366694222
2025-05-28T13:22:00,9271,6,100.0,9050000,4.48,29749248,2244136824,3366694222
2025-05-28T13:22:01,9271,6,100.0,9050000,4.48,29749248,2244136824,3366694222
2025-05-28T13:22:02,9286,6,100.0,9050000,4.49,29650944,2247711844,3372087184
2025-05-28T13:22:03,9286,6,100.0,9050000,4.49,29650944,2247711844,3372087184
2025-05-28T13:22:04,9286,6,100.0,9050000,4.49,29650944,2247711844,3372087184
2025-05-28T13:22:05,9286,6,100.0,9050000,4.49,29650944,2247711844,3372087184
2025-05-28T13:22:06,9286,6,100.0,9050000,4.49,29650944,2247711844,3372087184
2025-05-28T13:22:07,9286,6,100.0,9050000,4.49,29650944,2247711844,3372087184
2025-05-28T13:22:08,9286,6,100.0,9050000,4.49,29650944,2247711844,3372087184
2025-05-28T13:22:09,9286,6,100.0,9050000,4.49,29650944,2247711844,3372087184
2025-05-28T13:22:10,9286,6,100.0,9050000,4.49,29650944,2247711844,3372087184
2025-05-28T13:22:11,9286,6,100.0,9050000,4.49,29650944,2247711844,3372087184
2025-05-28T13:22:12,9286,6,100.0,9050000,4.49,29650944,2247711844,3372087184
2025-05-28T13:22:13,9286,6,100.0,9050000,4.49,29650944,2247711844,3372087184
2025-05-28T13:22:14,9286,6,100.0,9050000,4.49,29650944,2247711844,3372087184
2025-05-28T13:22:15,9286,6,100.0,9050000,4.49,29650944,2247711844,3372087184
2025-05-28T13:22:16,9286,6,100.0,9050000,4.49,29650944,2247711844,3372087184
2025-05-28T13:22:17,9301,6,100.0,9050000,4.5,29650944,2251317714,3377509251
2025-05-28T13:22:18,9301,6,100.0,9050000,4.5,29650944,2251317714,3377509251
2025-05-28T13:22:19,9301,6,100.0,9050000,4.5,29650944,2251317714,3377509251
2025-05-28T13:22:20,9301,6,100.0,9050000,4.5,29650944,2251317714,3377509251
2025-05-28T13:22:21,9301,6,100.0,9050000,4.5,29650944,2251317714,3377509251
2025-05-28T13:22:22,9301,6,100.0,9050000,4.5,29650944,2251317714,3377509251
2025-05-28T13:22:23,9301,6,100.0,9050000,4.5,29650944,2251317714,3377509251
2025-05-28T13:22:24,9301,6,100.0,9050000,4.5,29650944,2251317714,3377509251
2025-05-28T13:22:25,9301,6,100.0,9050000,4.5,29650944,2251317714,3377509251
2025-05-28T13:22:26,9301,6,100.0,9050000,4.5,29650944,2251317714,3377509251
2025-05-28T13:22:27,9301,6,100.0,9050000,4.5,29650944,2251317714,3377509251
2025-05-28T13:22:28,9301,6,100.0,9050000,4.5,29650944,2251317714,3377509251
2025-05-28T13:22:29,9301,6,100.0,9050000,4.5,29650944,2251317714,3377509251
2025-05-28T13:22:30,9301,6,100.0,9050000,4.5,29650944,2251317714,3377509251
2025-05-28T13:22:31,9301,6,100.0,9050000,4.5,29650944,2251317714,3377509251
2025-05-28T13:22:32,9316,6,100.0,9050000,4.5,29650944,2255281995,3383291892
2025-05-28T13:22:33,9316,6,100.0,9050000,4.5,29650944,2255281995,3383291892
2025-05-28T13:22:34,9316,6,100.0,9050000,4.5,29650944,2255281995,3383291892
2025-05-28T13:22:35,9316,6,100.0,9050000,4.5,29650944,2255281995,3383291892
2025-05-28T13:22:36,9316,6,100.0,9050000,4.5,29650944,2255281995,3383291892
2025-05-28T13:22:37,9316,6,100.0,9050000,4.5,29650944,2255281995,3383291892
2025-05-28T13:22:38,9316,6,100.0,9050000,4.5,29650944,2255281995,3383291892
2025-05-28T13:22:39,9316,6,100.0,9050000,4.5,29650944,2255281995,3383291892
2025-05-28T13:22:40,9316,6,100.0,9050000,4.5,29650944,2255281995,3383291892
2025-05-28T13:22:41,9316,6,100.0,9050000,4.5,29650944,2255281995,3383291892
2025-05-28T13:22:42,9316,6,100.0,9050000,4.5,29650944,2255281995,3383291892
2025-05-28T13:22:43,9316,6,100.0,9050000,4.5,29650944,2255281995,3383291892
2025-05-28T13:22:44,9316,6,100.0,9050000,4.5,29650944,2255281995,3383291892
2025-05-28T13:22:45,9316,6,100.0,9050000,4.5,29650944,2255281995,3383291892
2025-05-28T13:22:46,9316,6,100.0,9050000,4.5,29650944,2255281995,3383291892
2025-05-28T13:22:47,9331,6,100.0,9050000,4.51,29650944,2258559059,3388386273
2025-05-28T13:22:48,9331,6,100.0,9050000,4.51,29650944,2258559059,3388386273
2025-05-28T13:22:49,9331,6,100.0,9050000,4.51,29650944,2258559059,3388386273
2025-05-28T13:22:50,9331,6,100.0,9050000,4.51,29650944,2258559059,3388386273
2025-05-28T13:22:51,9331,6,100.0,9050000,4.51,29650944,2258559059,3388386273
2025-05-28T13:22:52,9331,6,100.0,9050000,4.51,29650944,2258559059,3388386273
2025-05-28T13:22:53,9331,6,100.0,9050000,4.51,29650944,2258559059,3388386273
2025-05-28T13:22:54,9331,6,100.0,9050000,4.51,29650944,2258559059,3388386273
2025-05-28T13:22:55,9331,6,100.0,9050000,4.51,29650944,2258559059,3388386273
2025-05-28T13:22:56,9331,6,100.0,9050000,4.51,29650944,2258559059,3388386273
2025-05-28T13:22:57,9331,6,100.0,9050000,4.51,29650944,2258559059,3388386273
2025-05-28T13:22:58,9331,6,100.0,9050000,4.51,29650944,2258559059,3388386273
2025-05-28T13:22:59,9331,6,100.0,9050000,4.51,29650944,2258559059,3388386273
2025-05-28T13:23:00,9331,6,100.0,9050000,4.51,29650944,2258559059,3388386273
2025-05-28T13:23:01,9331,6,100.0,9050000,4.51,29650944,2258559059,3388386273
2025-05-28T13:23:02,9346,6,100.0,9050000,4.51,29650944,2262180628,3393824533
2025-05-28T13:23:03,9346,6,100.0,9050000,4.51,29650944,2262180628,3393824533
2025-05-28T13:23:04,9346,6,100.0,9050000,4.51,29650944,2262180628,3393824533
2025-05-28T13:23:05,9346,6,100.0,9050000,4.51,29650944,2262180628,3393824533
2025-05-28T13:23:06,9346,6,100.0,9050000,4.51,29650944,2262180628,3393824533
2025-05-28T13:23:07,9346,6,100.0,9050000,4.51,29650944,2262180628,3393824533
2025-05-28T13:23:08,9346,6,100.0,9050000,4.51,29650944,2262180628,3393824533
2025-05-28T13:23:09,9346,6,100.0,9050000,4.51,29650944,2262180628,3393824533
2025-05-28T13:23:10,9346,6,100.0,9050000,4.51,29650944,2262180628,3393824533
2025-05-28T13:23:11,9346,6,100.0,9050000,4.51,29650944,2262180628,3393824533
2025-05-28T13:23:12,9346,6,100.0,9050000,4.51,29650944,2262180628,3393824533
2025-05-28T13:23:13,9346,6,100.0,9050000,4.51,29650944,2262180628,3393824533
2025-05-28T13:23:14,9346,6,100.0,9050000,4.51,29650944,2262180628,3393824533
2025-05-28T13:23:15,9346,6,100.0,9050000,4.51,29650944,2262180628,3393824533
2025-05-28T13:23:16,9346,6,100.0,9050000,4.51,29650944,2262180628,3393824533
2025-05-28T13:23:17,9361,6,100.0,9050000,4.52,29650944,2265736490,3399197168
2025-05-28T13:23:18,9361,6,100.0,9050000,4.52,29650944,2265736490,3399197168
2025-05-28T13:23:19,9361,6,100.0,9050000,4.52,29650944,2265736490,3399197168
2025-05-28T13:23:20,9361,6,100.0,9050000,4.52,29650944,2265736490,3399197168
2025-05-28T13:23:21,9361,6,100.0,9050000,4.52,29650944,2265736490,3399197168
2025-05-28T13:23:22,9361,6,100.0,9050000,4.52,29650944,2265736490,3399197168
2025-05-28T13:23:23,9361,6,100.0,9050000,4.52,29650944,2265736490,3399197168
2025-05-28T13:23:24,9361,6,100.0,9050000,4.52,29650944,2265736490,3399197168
2025-05-28T13:23:25,9361,6,100.0,9050000,4.52,29650944,2265736490,3399197168
2025-05-28T13:23:26,9361,6,100.0,9050000,4.52,29650944,2265736490,3399197168
2025-05-28T13:23:27,9361,6,100.0,9050000,4.52,29650944,2265736490,3399197168
2025-05-28T13:23:28,9361,6,100.0,9050000,4.52,29650944,2265736490,3399197168
2025-05-28T13:23:29,9361,6,100.0,9050000,4.52,29650944,2265736490,3399197168
2025-05-28T13:23:30,9361,6,100.0,9050000,4.52,29650944,2265736490,3399197168
2025-05-28T13:23:31,9361,6,100.0,9050000,4.52,29650944,2265736490,3399197168
2025-05-28T13:23:32,9376,6,100.0,9050000,4.52,29650944,2269423827,3404700960
2025-05-28T13:23:33,9376,6,100.0,9050000,4.52,29650944,2269423827,3404700960
2025-05-28T13:23:34,9376,6,100.0,9050000,4.52,29650944,2269423827,3404700960
2025-05-28T13:23:35,9376,6,100.0,9050000,4.52,29650944,2269423827,3404700960
2025-05-28T13:23:36,9376,6,100.0,9050000,4.52,29650944,2269423827,3404700960
2025-05-28T13:23:37,9376,6,100.0,9050000,4.52,29650944,2269423827,3404700960
2025-05-28T13:23:38,9376,6,100.0,9050000,4.52,29650944,2269423827,3404700960
2025-05-28T13:23:39,9376,6,100.0,9050000,4.52,29650944,2269423827,3404700960
2025-05-28T13:23:40,9376,6,100.0,9050000,4.52,29650944,2269423827,3404700960
2025-05-28T13:23:41,9376,6,100.0,9050000,4.52,29650944,2269423827,3404700960
2025-05-28T13:23:42,9376,6,100.0,9050000,4.52,29650944,2269423827,3404700960
2025-05-28T13:23:43,9376,6,100.0,9050000,4.52,29650944,2269423827,3404700960
2025-05-28T13:23:44,9376,6,100.0,9050000,4.52,29650944,2269423827,3404700960
2025-05-28T13:23:45,9376,6,100.0,9050000,4.52,29650944,2269423827,3404700960
2025-05-28T13:23:46,9376,6,100.0,9050000,4.52,29650944,2269423827,3404700960
2025-05-28T13:23:47,9391,6,100.0,9050000,4.52,29650944,2273044395,3410138477
2025-05-28T13:23:48,9391,6,100.0,9050000,4.52,29650944,2273044395,3410138477
2025-05-28T13:23:49,9391,6,100.0,9050000,4.52,29650944,2273044395,3410138477
2025-05-28T13:23:50,9391,6,100.0,9050000,4.52,29650944,2273044395,3410138477
2025-05-28T13:23:51,9391,6,100.0,9050000,4.52,29650944,2273044395,3410138477
2025-05-28T13:23:52,9391,6,100.0,9050000,4.52,29650944,2273044395,3410138477
2025-05-28T13:23:53,9391,6,100.0,9050000,4.52,29650944,2273044395,3410138477
2025-05-28T13:23:54,9391,6,100.0,9050000,4.52,29650944,2273044395,3410138477
2025-05-28T13:23:55,9391,6,100.0,9050000,4.52,29650944,2273044395,3410138477
2025-05-28T13:23:56,9391,6,100.0,9050000,4.52,29650944,2273044395,3410138477
2025-05-28T13:23:57,9391,6,100.0,9050000,4.52,29650944,2273044395,3410138477
2025-05-28T13:23:58,9391,6,100.0,9050000,4.52,29650944,2273044395,3410138477
2025-05-28T13:23:59,9391,6,100.0,9050000,4.52,29650944,2273044395,3410138477
2025-05-28T13:24:00,9391,6,100.0,9050000,4.52,29650944,2273044395,3410138477
2025-05-28T13:24:01,9391,6,100.0,9050000,4.52,29650944,2273044395,3410138477
2025-05-28T13:24:02,9406,6,100.0,9050000,4.53,29691904,2276665860,3415576841
2025-05-28T13:24:03,9406,6,100.0,9050000,4.53,29691904,2276665860,3415576841
2025-05-28T13:24:04,9406,6,100.0,9050000,4.53,29691904,2276665860,3415576841
2025-05-28T13:24:05,9406,6,100.0,9050000,4.53,29691904,2276665860,3415576841
2025-05-28T13:24:06,9406,6,100.0,9050000,4.53,29691904,2276665860,3415576841
2025-05-28T13:24:07,9406,6,100.0,9050000,4.53,29691904,2276665860,3415576841
2025-05-28T13:24:08,9406,6,100.0,9050000,4.53,29691904,2276665860,3415576841
2025-05-28T13:24:09,9406,6,100.0,9050000,4.53,29691904,2276665860,3415576841
2025-05-28T13:24:10,9406,6,100.0,9050000,4.53,29691904,2276665860,3415576841
2025-05-28T13:24:11,9406,6,100.0,9050000,4.53,29691904,2276665860,3415576841
2025-05-28T13:24:12,9406,6,100.0,9050000,4.53,29691904,2276665860,3415576841
2025-05-28T13:24:13,9406,6,100.0,9050000,4.53,29691904,2276665860,3415576841
2025-05-28T13:24:14,9406,6,100.0,9050000,4.53,29691904,2276665860,3415576841
2025-05-28T13:24:15,9406,6,100.0,9050000,4.53,29691904,2276665860,3415576841
2025-05-28T13:24:16,9406,6,100.0,9050000,4.53,29691904,2276665860,3415576841
2025-05-28T13:24:17,9421,6,100.0,9050000,4.54,29691904,2280303957,3421031473
2025-05-28T13:24:18,9421,6,100.0,9050000,4.54,29691904,2280303957,3421031473
2025-05-28T13:24:19,9421,6,100.0,9050000,4.54,29691904,2280303957,3421031473
2025-05-28T13:24:20,9421,6,100.0,9050000,4.54,29691904,2280303957,3421031473
2025-05-28T13:24:21,9421,6,100.0,9050000,4.54,29691904,2280303957,3421031473
2025-05-28T13:24:22,9421,6,100.0,9050000,4.54,29691904,2280303957,3421031473
2025-05-28T13:24:23,9421,6,100.0,9050000,4.54,29691904,2280303957,3421031473
2025-05-28T13:24:24,9421,6,100.0,9050000,4.54,29691904,2280303957,3421031473
2025-05-28T13:24:25,9421,6,100.0,9050000,4.54,29691904,2280303957,3421031473
2025-05-28T13:24:26,9421,6,100.0,9050000,4.54,29691904,2280303957,3421031473
2025-05-28T13:24:27,9421,6,100.0,9050000,4.54,29691904,2280303957,3421031473
2025-05-28T13:24:28,9421,6,100.0,9050000,4.54,29691904,2280303957,3421031473
2025-05-28T13:24:29,9421,6,100.0,9050000,4.54,29691904,2280303957,3421031473
2025-05-28T13:24:30,9421,6,100.0,9050000,4.54,29691904,2280303957,3421031473
2025-05-28T13:24:31,9421,6,100.0,9050000,4.54,29691904,2280303957,3421031473
2025-05-28T13:24:32,9436,6,100.0,9050000,4.54,29691904,2283908854,3426453378
2025-05-28T13:24:33,9436,6,100.0,9050000,4.54,29691904,2283908854,3426453378
2025-05-28T13:24:34,9436,6,100.0,9050000,4.54,29691904,2283908854,3426453378
2025-05-28T13:24:35,9436,6,100.0,9050000,4.54,29691904,2283908854,3426453378
2025-05-28T13:24:36,9436,6,100.0,9050000,4.54,29691904,2283908854,3426453378
2025-05-28T13:24:37,9436,6,100.0,9050000,4.54,29691904,2283908854,3426453378
2025-05-28T13:24:38,9436,6,100.0,9050000,4.54,29691904,2283908854,3426453378
2025-05-28T13:24:39,9436,6,100.0,9050000,4.54,29691904,2283908854,3426453378
2025-05-28T13:24:40,9436,6,100.0,9050000,4.54,29691904,2283908854,3426453378
2025-05-28T13:24:41,9436,6,100.0,9050000,4.54,29691904,2283908854,3426453378
2025-05-28T13:24:42,9436,6,100.0,9050000,4.54,29691904,2283908854,3426453378
2025-05-28T13:24:43,9436,6,100.0,9050000,4.54,29691904,2283908854,3426453378
2025-05-28T13:24:44,9436,6,100.0,9050000,4.54,29691904,2283908854,3426453378
2025-05-28T13:24:45,9436,6,100.0,9050000,4.54,29691904,2283908854,3426453378
2025-05-28T13:24:46,9436,6,100.0,9050000,4.54,29691904,2283908854,3426453378
2025-05-28T13:24:47,9451,6,100.0,9050000,4.55,29691904,2287531097,3431891969
2025-05-28T13:24:48,9451,6,100.0,9050000,4.55,29691904,2287531097,3431891969
2025-05-28T13:24:49,9451,6,100.0,9050000,4.55,29691904,2287531097,3431891969
2025-05-28T13:24:50,9451,6,100.0,9050000,4.55,29691904,2287531097,3431891969
2025-05-28T13:24:51,9451,6,100.0,9050000,4.55,29691904,2287531097,3431891969
2025-05-28T13:24:52,9451,6,100.0,9050000,4.55,29691904,2287531097,3431891969
2025-05-28T13:24:53,9451,6,100.0,9050000,4.55,29691904,2287531097,3431891969
2025-05-28T13:24:54,9451,6,100.0,9050000,4.55,29691904,2287531097,3431891969
2025-05-28T13:24:55,9451,6,100.0,9050000,4.55,29691904,2287531097,3431891969
2025-05-28T13:24:56,9451,6,100.0,9050000,4.55,29691904,2287531097,3431891969
2025-05-28T13:24:57,9451,6,100.0,9050000,4.55,29691904,2287531097,3431891969
2025-05-28T13:24:58,9451,6,100.0,9050000,4.55,29691904,2287531097,3431891969
2025-05-28T13:24:59,9451,6,100.0,9050000,4.55,29691904,2287531097,3431891969
2025-05-28T13:25:00,9451,6,100.0,9050000,4.55,29691904,2287531097,3431891969
2025-05-28T13:25:01,9451,6,100.0,9050000,4.55,29691904,2287531097,3431891969
2025-05-28T13:25:02,9466,6,100.0,9050000,4.55,29691904,2291212138,3437390691
2025-05-28T13:25:03,9466,6,100.0,9050000,4.55,29691904,2291212138,3437390691
2025-05-28T13:25:04,9466,6,100.0,9050000,4.55,29691904,2291212138,3437390691
2025-05-28T13:25:05,9466,6,100.0,9050000,4.55,29691904,2291212138,3437390691
2025-05-28T13:25:06,9466,6,100.0,9050000,4.55,29691904,2291212138,3437390691
2025-05-28T13:25:07,9466,6,100.0,9050000,4.55,29691904,2291212138,3437390691
2025-05-28T13:25:08,9466,6,100.0,9050000,4.55,29691904,2291212138,3437390691
2025-05-28T13:25:09,9466,6,100.0,9050000,4.55,29691904,2291212138,3437390691
2025-05-28T13:25:10,9466,6,100.0,9050000,4.55,29691904,2291212138,3437390691
2025-05-28T13:25:11,9466,6,100.0,9050000,4.55,29691904,2291212138,3437390691
2025-05-28T13:25:12,9466,6,100.0,9050000,4.55,29691904,2291212138,3437390691
2025-05-28T13:25:13,9466,6,100.0,9050000,4.55,29691904,2291212138,3437390691
2025-05-28T13:25:14,9466,6,100.0,9050000,4.55,29691904,2291212138,3437390691
2025-05-28T13:25:15,9466,6,100.0,9050000,4.55,29691904,2291212138,3437390691
2025-05-28T13:25:16,9466,6,100.0,9050000,4.55,29691904,2291212138,3437390691
2025-05-28T13:25:17,9481,6,100.0,9050000,4.56,29691904,2294834474,3442829303
2025-05-28T13:25:18,9481,6,100.0,9050000,4.56,29691904,2294834474,3442829303
2025-05-28T13:25:19,9481,6,100.0,9050000,4.56,29691904,2294834474,3442829303
2025-05-28T13:25:20,9481,6,100.0,9050000,4.56,29691904,2294834474,3442829303
2025-05-28T13:25:21,9481,6,100.0,9050000,4.56,29691904,2294834474,3442829303
2025-05-28T13:25:22,9481,6,100.0,9050000,4.56,29691904,2294834474,3442829303
2025-05-28T13:25:23,9481,6,100.0,9050000,4.56,29691904,2294834474,3442829303
2025-05-28T13:25:24,9481,6,100.0,9050000,4.56,29691904,2294834474,3442829303
2025-05-28T13:25:25,9481,6,100.0,9050000,4.56,29691904,2294834474,3442829303
2025-05-28T13:25:26,9481,6,100.0,9050000,4.56,29691904,2294834474,3442829303
2025-05-28T13:25:27,9481,6,100.0,9050000,4.56,29691904,2294834474,3442829303
2025-05-28T13:25:28,9481,6,100.0,9050000,4.56,29691904,2294834474,3442829303
2025-05-28T13:25:29,9481,6,100.0,9050000,4.56,29691904,2294834474,3442829303
2025-05-28T13:25:30,9481,6,100.0,9050000,4.56,29691904,2294834474,3442829303
2025-05-28T13:25:31,9481,6,100.0,9050000,4.56,29691904,2294834474,3442829303
2025-05-28T13:25:32,9496,6,100.0,9050000,4.56,29691904,2298393971,3448205648
2025-05-28T13:25:33,9496,6,100.0,9050000,4.56,29691904,2298393971,3448205648
2025-05-28T13:25:34,9496,6,100.0,9050000,4.56,29691904,2298393971,3448205648
2025-05-28T13:25:35,9496,6,100.0,9050000,4.56,29691904,2298393971,3448205648
2025-05-28T13:25:36,9496,6,100.0,9050000,4.56,29691904,2298393971,3448205648
2025-05-28T13:25:37,9496,6,100.0,9050000,4.56,29691904,2298393971,3448205648
2025-05-28T13:25:38,9496,6,100.0,9050000,4.56,29691904,2298393971,3448205648
2025-05-28T13:25:39,9496,6,100.0,9050000,4.56,29691904,2298393971,3448205648
2025-05-28T13:25:40,9496,6,100.0,9050000,4.56,29691904,2298393971,3448205648
2025-05-28T13:25:41,9496,6,100.0,9050000,4.56,29691904,2298393971,3448205648
2025-05-28T13:25:42,9496,6,100.0,9050000,4.56,29691904,2298393971,3448205648
2025-05-28T13:25:43,9496,6,100.0,9050000,4.56,29691904,2298393971,3448205648
2025-05-28T13:25:44,9496,6,100.0,9050000,4.56,29691904,2298393971,3448205648
2025-05-28T13:25:45,9496,6,100.0,9050000,4.56,29691904,2298393971,3448205648
2025-05-28T13:25:46,9496,6,100.0,9050000,4.56,29691904,2298393971,3448205648
2025-05-28T13:25:47,9511,6,100.0,9050000,4.56,29691904,2302339404,3453968189
2025-05-28T13:25:48,9511,6,100.0,9050000,4.56,29691904,2302339404,3453968189
2025-05-28T13:25:49,9511,6,100.0,9050000,4.56,29691904,2302339404,3453968189
2025-05-28T13:25:50,9511,6,100.0,9050000,4.56,29691904,2302339404,3453968189
2025-05-28T13:25:51,9511,6,100.0,9050000,4.56,29691904,2302339404,3453968189
2025-05-28T13:25:52,9511,6,100.0,9050000,4.56,29691904,2302339404,3453968189
2025-05-28T13:25:53,9511,6,100.0,9050000,4.56,29691904,2302339404,3453968189
2025-05-28T13:25:54,9511,6,100.0,9050000,4.56,29691904,2302339404,3453968189
2025-05-28T13:25:55,9511,6,100.0,9050000,4.56,29691904,2302339404,3453968189
2025-05-28T13:25:56,9511,6,100.0,9050000,4.56,29691904,2302339404,3453968189
2025-05-28T13:25:57,9511,6,100.0,9050000,4.56,29691904,2302339404,3453968189
2025-05-28T13:25:58,9511,6,100.0,9050000,4.56,29691904,2302339404,3453968189
2025-05-28T13:25:59,9511,6,100.0,9050000,4.56,29691904,2302339404,3453968189
2025-05-28T13:26:00,9511,6,100.0,9050000,4.56,29691904,2302339404,3453968189
2025-05-28T13:26:01,9511,6,100.0,9050000,4.56,29691904,2302339404,3453968189
2025-05-28T13:26:02,9526,6,100.0,9050000,4.57,29642752,2305699115,3459144254
2025-05-28T13:26:03,9526,6,100.0,9050000,4.57,29642752,2305699115,3459144254
2025-05-28T13:26:04,9526,6,100.0,9050000,4.57,29642752,2305699115,3459144254
2025-05-28T13:26:05,9526,6,100.0,9050000,4.57,29642752,2305699115,3459144254
2025-05-28T13:26:06,9526,6,100.0,9050000,4.57,29642752,2305699115,3459144254
2025-05-28T13:26:07,9526,6,100.0,9050000,4.57,29642752,2305699115,3459144254
2025-05-28T13:26:08,9526,6,100.0,9050000,4.57,29642752,2305699115,3459144254
2025-05-28T13:26:09,9526,6,100.0,9050000,4.57,29642752,2305699115,3459144254
2025-05-28T13:26:10,9526,6,100.0,9050000,4.57,29642752,2305699115,3459144254
2025-05-28T13:26:11,9526,6,100.0,9050000,4.57,29642752,2305699115,3459144254
2025-05-28T13:26:12,9526,6,100.0,9050000,4.57,29642752,2305699115,3459144254
2025-05-28T13:26:13,9526,6,100.0,9050000,4.57,29642752,2305699115,3459144254
2025-05-28T13:26:14,9526,6,100.0,9050000,4.57,29642752,2305699115,3459144254
2025-05-28T13:26:15,9526,6,100.0,9050000,4.57,29642752,2305699115,3459144254
2025-05-28T13:26:16,9541,6,100.0,9050000,4.58,29642752,2309321303,3464582981
2025-05-28T13:26:17,9541,6,100.0,9050000,4.58,29642752,2309321303,3464582981
2025-05-28T13:26:18,9541,6,100.0,9050000,4.58,29642752,2309321303,3464582981
2025-05-28T13:26:19,9541,6,100.0,9050000,4.58,29642752,2309321303,3464582981
2025-05-28T13:26:20,9541,6,100.0,9050000,4.58,29642752,2309321303,3464582981
2025-05-28T13:26:21,9541,6,100.0,9050000,4.58,29642752,2309321303,3464582981
2025-05-28T13:26:22,9541,6,100.0,9050000,4.58,29642752,2309321303,3464582981
2025-05-28T13:26:23,9541,6,100.0,9050000,4.58,29642752,2309321303,3464582981
2025-05-28T13:26:24,9541,6,100.0,9050000,4.58,29642752,2309321303,3464582981
2025-05-28T13:26:25,9541,6,100.0,9050000,4.58,29642752,2309321303,3464582981
2025-05-28T13:26:26,9541,6,100.0,9050000,4.58,29642752,2309321303,3464582981
2025-05-28T13:26:27,9541,6,100.0,9050000,4.58,29642752,2309321303,3464582981
2025-05-28T13:26:28,9541,6,100.0,9050000,4.58,29642752,2309321303,3464582981
2025-05-28T13:26:29,9541,6,100.0,9050000,4.58,29642752,2309321303,3464582981
2025-05-28T13:26:30,9541,6,100.0,9050000,4.58,29642752,2309321303,3464582981
2025-05-28T13:26:31,9541,6,100.0,9050000,4.58,29642752,2309321303,3464582981
2025-05-28T13:26:32,9556,6,100.0,9050000,4.58,29642752,2312881424,3469959852
2025-05-28T13:26:33,9556,6,100.0,9050000,4.58,29642752,2312881424,3469959852
2025-05-28T13:26:34,9556,6,100.0,9050000,4.58,29642752,2312881424,3469959852
2025-05-28T13:26:35,9556,6,100.0,9050000,4.58,29642752,2312881424,3469959852
2025-05-28T13:26:36,9556,6,100.0,9050000,4.58,29642752,2312881424,3469959852
2025-05-28T13:26:37,9556,6,100.0,9050000,4.58,29642752,2312881424,3469959852
2025-05-28T13:26:38,9556,6,100.0,9050000,4.58,29642752,2312881424,3469959852
2025-05-28T13:26:39,9556,6,100.0,9050000,4.58,29642752,2312881424,3469959852
2025-05-28T13:26:40,9556,6,100.0,9050000,4.58,29642752,2312881424,3469959852
2025-05-28T13:26:41,9556,6,100.0,9050000,4.58,29642752,2312881424,3469959852
2025-05-28T13:26:42,9556,6,100.0,9050000,4.58,29642752,2312881424,3469959852
2025-05-28T13:26:43,9556,6,100.0,9050000,4.58,29642752,2312881424,3469959852
2025-05-28T13:26:44,9556,6,100.0,9050000,4.58,29642752,2312881424,3469959852
2025-05-28T13:26:45,9556,6,100.0,9050000,4.58,29642752,2312881424,3469959852
2025-05-28T13:26:46,9571,6,100.0,9050000,4.59,29642752,2316516269,3475411028
2025-05-28T13:26:47,9571,6,100.0,9050000,4.59,29642752,2316516269,3475411028
2025-05-28T13:26:48,9571,6,100.0,9050000,4.59,29642752,2316516269,3475411028
2025-05-28T13:26:49,9571,6,100.0,9050000,4.59,29642752,2316516269,3475411028
2025-05-28T13:26:50,9571,6,100.0,9050000,4.59,29642752,2316516269,3475411028
2025-05-28T13:26:51,9571,6,100.0,9050000,4.59,29642752,2316516269,3475411028
2025-05-28T13:26:52,9571,6,100.0,9050000,4.59,29642752,2316516269,3475411028
2025-05-28T13:26:53,9571,6,100.0,9050000,4.59,29642752,2316516269,3475411028
2025-05-28T13:26:54,9571,6,100.0,9050000,4.59,29642752,2316516269,3475411028
2025-05-28T13:26:55,9571,6,100.0,9050000,4.59,29642752,2316516269,3475411028
2025-05-28T13:26:56,9571,6,100.0,9050000,4.59,29642752,2316516269,3475411028
2025-05-28T13:26:57,9571,6,100.0,9050000,4.59,29642752,2316516269,3475411028
2025-05-28T13:26:58,9571,6,100.0,9050000,4.59,29642752,2316516269,3475411028
2025-05-28T13:26:59,9571,6,100.0,9050000,4.59,29642752,2316516269,3475411028
2025-05-28T13:27:00,9571,6,100.0,9050000,4.59,29642752,2316516269,3475411028
2025-05-28T13:27:01,9586,6,100.0,9050000,4.59,29642752,2320141725,3480853285
2025-05-28T13:27:02,9586,6,100.0,9050000,4.59,29642752,2320141725,3480853285
2025-05-28T13:27:03,9586,6,100.0,9050000,4.59,29642752,2320141725,3480853285
2025-05-28T13:27:04,9586,6,100.0,9050000,4.59,29642752,2320141725,3480853285
2025-05-28T13:27:05,9586,6,100.0,9050000,4.59,29642752,2320141725,3480853285
2025-05-28T13:27:06,9586,6,100.0,9050000,4.59,29642752,2320141725,3480853285
2025-05-28T13:27:07,9586,6,100.0,9050000,4.59,29642752,2320141725,3480853285
2025-05-28T13:27:08,9586,6,100.0,9050000,4.59,29642752,2320141725,3480853285
2025-05-28T13:27:09,9586,6,100.0,9050000,4.59,29642752,2320141725,3480853285
2025-05-28T13:27:10,9586,6,100.0,9050000,4.59,29642752,2320141725,3480853285
2025-05-28T13:27:11,9586,6,100.0,9050000,4.59,29642752,2320141725,3480853285
2025-05-28T13:27:12,9586,6,100.0,9050000,4.59,29642752,2320141725,3480853285
2025-05-28T13:27:13,9586,6,100.0,9050000,4.59,29642752,2320141725,3480853285
2025-05-28T13:27:14,9586,6,100.0,9050000,4.59,29642752,2320141725,3480853285
2025-05-28T13:27:15,9586,6,100.0,9050000,4.59,29642752,2320141725,3480853285
2025-05-28T13:27:16,9601,6,100.0,9050000,4.59,29642752,2323808490,3486336944
2025-05-28T13:27:17,9601,6,100.0,9050000,4.59,29642752,2323808490,3486336944
2025-05-28T13:27:18,9601,6,100.0,9050000,4.59,29642752,2323808490,3486336944
2025-05-28T13:27:19,9601,6,100.0,9050000,4.59,29642752,2323808490,3486336944
2025-05-28T13:27:20,9601,6,100.0,9050000,4.59,29642752,2323808490,3486336944
2025-05-28T13:27:21,9601,6,100.0,9050000,4.59,29642752,2323808490,3486336944
2025-05-28T13:27:22,9601,6,100.0,9050000,4.59,29642752,2323808490,3486336944
2025-05-28T13:27:23,9601,6,100.0,9050000,4.59,29642752,2323808490,3486336944
2025-05-28T13:27:24,9601,6,100.0,9050000,4.59,29642752,2323808490,3486336944
2025-05-28T13:27:25,9601,6,100.0,9050000,4.59,29642752,2323808490,3486336944
2025-05-28T13:27:26,9601,6,100.0,9050000,4.59,29642752,2323808490,3486336944
2025-05-28T13:27:27,9601,6,100.0,9050000,4.59,29642752,2323808490,3486336944
2025-05-28T13:27:28,9601,6,100.0,9050000,4.59,29642752,2323808490,3486336944
2025-05-28T13:27:29,9601,6,100.0,9050000,4.59,29642752,2323808490,3486336944
2025-05-28T13:27:30,9601,6,100.0,9050000,4.59,29642752,2323808490,3486336944
2025-05-28T13:27:31,9616,6,100.0,9050000,4.6,29642752,2327713101,3492058019
2025-05-28T13:27:32,9616,6,100.0,9050000,4.6,29642752,2327713101,3492058019
2025-05-28T13:27:33,9616,6,100.0,9050000,4.6,29642752,2327713101,3492058019
2025-05-28T13:27:34,9616,6,100.0,9050000,4.6,29642752,2327713101,3492058019
2025-05-28T13:27:35,9616,6,100.0,9050000,4.6,29642752,2327713101,3492058019
2025-05-28T13:27:36,9616,6,100.0,9050000,4.6,29642752,2327713101,3492058019
2025-05-28T13:27:37,9616,6,100.0,9050000,4.6,29642752,2327713101,3492058019
2025-05-28T13:27:38,9616,6,100.0,9050000,4.6,29642752,2327713101,3492058019
2025-05-28T13:27:39,9616,6,100.0,9050000,4.6,29642752,2327713101,3492058019
2025-05-28T13:27:40,9616,6,100.0,9050000,4.6,29642752,2327713101,3492058019
2025-05-28T13:27:41,9616,6,100.0,9050000,4.6,29642752,2327713101,3492058019
2025-05-28T13:27:42,9616,6,100.0,9050000,4.6,29642752,2327713101,3492058019
2025-05-28T13:27:43,9616,6,100.0,9050000,4.6,29642752,2327713101,3492058019
2025-05-28T13:27:44,9616,6,100.0,9050000,4.6,29642752,2327713101,3492058019
2025-05-28T13:27:45,9616,6,100.0,9050000,4.6,29642752,2327713101,3492058019
2025-05-28T13:27:46,9631,6,100.0,9050000,4.61,29642752,2331052832,3497214108
2025-05-28T13:27:47,9631,6,100.0,9050000,4.61,29642752,2331052832,3497214108
2025-05-28T13:27:48,9631,6,100.0,9050000,4.61,29642752,2331052832,3497214108
2025-05-28T13:27:49,9631,6,100.0,9050000,4.61,29642752,2331052832,3497214108
2025-05-28T13:27:50,9631,6,100.0,9050000,4.61,29642752,2331052832,3497214108
2025-05-28T13:27:51,9631,6,100.0,9050000,4.61,29642752,2331052832,3497214108
2025-05-28T13:27:52,9631,6,100.0,9050000,4.61,29642752,2331052832,3497214108
2025-05-28T13:27:53,9631,6,100.0,9050000,4.61,29642752,2331052832,3497214108
2025-05-28T13:27:54,9631,6,100.0,9050000,4.61,29642752,2331052832,3497214108
2025-05-28T13:27:55,9631,6,100.0,9050000,4.61,29642752,2331052832,3497214108
2025-05-28T13:27:56,9631,6,100.0,9050000,4.61,29642752,2331052832,3497214108
2025-05-28T13:27:57,9631,6,100.0,9050000,4.61,29642752,2331052832,3497214108
2025-05-28T13:27:58,9631,6,100.0,9050000,4.61,29642752,2331052832,3497214108
2025-05-28T13:27:59,9631,6,100.0,9050000,4.61,29642752,2331052832,3497214108
2025-05-28T13:28:00,9631,6,100.0,9050000,4.61,29642752,2331052832,3497214108
2025-05-28T13:28:01,9646,6,100.0,9050000,4.61,29528064,2334674827,3502652569
2025-05-28T13:28:02,9646,6,100.0,9050000,4.61,29528064,2334674827,3502652569
2025-05-28T13:28:03,9646,6,100.0,9050000,4.61,29528064,2334674827,3502652569
2025-05-28T13:28:04,9646,6,100.0,9050000,4.61,29528064,2334674827,3502652569
2025-05-28T13:28:05,9646,6,100.0,9050000,4.61,29528064,2334674827,3502652569
2025-05-28T13:28:06,9646,6,100.0,9050000,4.61,29528064,2334674827,3502652569
2025-05-28T13:28:07,9646,6,100.0,9050000,4.61,29528064,2334674827,3502652569
2025-05-28T13:28:08,9646,6,100.0,9050000,4.61,29528064,2334674827,3502652569
2025-05-28T13:28:09,9646,6,100.0,9050000,4.61,29528064,2334674827,3502652569
2025-05-28T13:28:10,9646,6,100.0,9050000,4.61,29528064,2334674827,3502652569
2025-05-28T13:28:11,9646,6,100.0,9050000,4.61,29528064,2334674827,3502652569
2025-05-28T13:28:12,9646,6,100.0,9050000,4.61,29528064,2334674827,3502652569
2025-05-28T13:28:13,9646,6,100.0,9050000,4.61,29528064,2334674827,3502652569
2025-05-28T13:28:14,9646,6,100.0,9050000,4.61,29528064,2334674827,3502652569
2025-05-28T13:28:15,9646,6,100.0,9050000,4.61,29528064,2334674827,3502652569
2025-05-28T13:28:16,9661,6,100.0,9050000,4.61,29528064,2338296690,3508091263
2025-05-28T13:28:17,9661,6,100.0,9050000,4.61,29528064,2338296690,3508091263
2025-05-28T13:28:18,9661,6,100.0,9050000,4.61,29528064,2338296690,3508091263
2025-05-28T13:28:19,9661,6,100.0,9050000,4.61,29528064,2338296690,3508091263
2025-05-28T13:28:20,9661,6,100.0,9050000,4.61,29528064,2338296690,3508091263
2025-05-28T13:28:21,9661,6,100.0,9050000,4.61,29528064,2338296690,3508091263
2025-05-28T13:28:22,9661,6,100.0,9050000,4.61,29528064,2338296690,3508091263
2025-05-28T13:28:23,9661,6,100.0,9050000,4.61,29528064,2338296690,3508091263
2025-05-28T13:28:24,9661,6,100.0,9050000,4.61,29528064,2338296690,3508091263
2025-05-28T13:28:25,9661,6,100.0,9050000,4.61,29528064,2338296690,3508091263
2025-05-28T13:28:26,9661,6,100.0,9050000,4.61,29528064,2338296690,3508091263
2025-05-28T13:28:27,9661,6,100.0,9050000,4.61,29528064,2338296690,3508091263
2025-05-28T13:28:28,9661,6,100.0,9050000,4.61,29528064,2338296690,3508091263
2025-05-28T13:28:29,9661,6,100.0,9050000,4.61,29528064,2338296690,3508091263
2025-05-28T13:28:30,9661,6,100.0,9050000,4.61,29528064,2338296690,3508091263
2025-05-28T13:28:31,9676,6,100.0,9050000,4.62,29528064,2341872812,3513484292
2025-05-28T13:28:32,9676,6,100.0,9050000,4.62,29528064,2341872812,3513484292
2025-05-28T13:28:33,9676,6,100.0,9050000,4.62,29528064,2341872812,3513484292
2025-05-28T13:28:34,9676,6,100.0,9050000,4.62,29528064,2341872812,3513484292
2025-05-28T13:28:35,9676,6,100.0,9050000,4.62,29528064,2341872812,3513484292
2025-05-28T13:28:36,9676,6,100.0,9050000,4.62,29528064,2341872812,3513484292
2025-05-28T13:28:37,9676,6,100.0,9050000,4.62,29528064,2341872812,3513484292
2025-05-28T13:28:38,9676,6,100.0,9050000,4.62,29528064,2341872812,3513484292
2025-05-28T13:28:39,9676,6,100.0,9050000,4.62,29528064,2341872812,3513484292
2025-05-28T13:28:40,9676,6,100.0,9050000,4.62,29528064,2341872812,3513484292
2025-05-28T13:28:41,9676,6,100.0,9050000,4.62,29528064,2341872812,3513484292
2025-05-28T13:28:42,9676,6,100.0,9050000,4.62,29528064,2341872812,3513484292
2025-05-28T13:28:43,9676,6,100.0,9050000,4.62,29528064,2341872812,3513484292
2025-05-28T13:28:44,9676,6,100.0,9050000,4.62,29528064,2341872812,3513484292
2025-05-28T13:28:45,9676,6,100.0,9050000,4.62,29528064,2341872812,3513484292
2025-05-28T13:28:46,9691,6,100.0,9050000,4.63,29528064,2345478202,3518906614
2025-05-28T13:28:47,9691,6,100.0,9050000,4.63,29528064,2345478202,3518906614
2025-05-28T13:28:48,9691,6,100.0,9050000,4.63,29528064,2345478202,3518906614
2025-05-28T13:28:49,9691,6,100.0,9050000,4.63,29528064,2345478202,3518906614
2025-05-28T13:28:50,9691,6,100.0,9050000,4.63,29528064,2345478202,3518906614
2025-05-28T13:28:51,9691,6,100.0,9050000,4.63,29528064,2345478202,3518906614
2025-05-28T13:28:52,9691,6,100.0,9050000,4.63,29528064,2345478202,3518906614
2025-05-28T13:28:53,9691,6,100.0,9050000,4.63,29528064,2345478202,3518906614
2025-05-28T13:28:54,9691,6,100.0,9050000,4.63,29528064,2345478202,3518906614
2025-05-28T13:28:55,9691,6,100.0,9050000,4.63,29528064,2345478202,3518906614
2025-05-28T13:28:56,9691,6,100.0,9050000,4.63,29528064,2345478202,3518906614
2025-05-28T13:28:57,9691,6,100.0,9050000,4.63,29528064,2345478202,3518906614
2025-05-28T13:28:58,9691,6,100.0,9050000,4.63,29528064,2345478202,3518906614
2025-05-28T13:28:59,9691,6,100.0,9050000,4.63,29528064,2345478202,3518906614
2025-05-28T13:29:00,9691,6,100.0,9050000,4.63,29528064,2345478202,3518906614
2025-05-28T13:29:01,9706,6,100.0,9050000,4.63,29528064,2348274697,3523519834
2025-05-28T13:29:02,9706,6,100.0,9050000,4.63,29528064,2348274697,3523519834
2025-05-28T13:29:03,9706,6,100.0,9050000,4.63,29528064,2348274697,3523519834
2025-05-28T13:29:04,9706,6,100.0,9050000,4.63,29528064,2348274697,3523519834
2025-05-28T13:29:05,9706,6,100.0,9050000,4.63,29528064,2348274697,3523519834
2025-05-28T13:29:06,9706,6,100.0,9050000,4.63,29528064,2348274697,3523519834
2025-05-28T13:29:07,9706,6,100.0,9050000,4.63,29528064,2348274697,3523519834
2025-05-28T13:29:08,9706,6,100.0,9050000,4.63,29528064,2348274697,3523519834
2025-05-28T13:29:09,9706,6,100.0,9050000,4.63,29528064,2348274697,3523519834
2025-05-28T13:29:10,9706,6,100.0,9050000,4.63,29528064,2348274697,3523519834
2025-05-28T13:29:11,9706,6,100.0,9050000,4.63,29528064,2348274697,3523519834
2025-05-28T13:29:12,9706,6,100.0,9050000,4.63,29528064,2348274697,3523519834
2025-05-28T13:29:13,9706,6,100.0,9050000,4.63,29528064,2348274697,3523519834
2025-05-28T13:29:14,9706,6,100.0,9050000,4.63,29528064,2348274697,3523519834
2025-05-28T13:29:15,9706,6,100.0,9050000,4.63,29528064,2348274697,3523519834
2025-05-28T13:29:16,9721,6,100.0,9050000,4.64,29528064,2352721660,3529784041
2025-05-28T13:29:17,9721,6,100.0,9050000,4.64,29528064,2352721660,3529784041
2025-05-28T13:29:18,9721,6,100.0,9050000,4.64,29528064,2352721660,3529784041
2025-05-28T13:29:19,9721,6,100.0,9050000,4.64,29528064,2352721660,3529784041
2025-05-28T13:29:20,9721,6,100.0,9050000,4.64,29528064,2352721660,3529784041
2025-05-28T13:29:21,9721,6,100.0,9050000,4.64,29528064,2352721660,3529784041
2025-05-28T13:29:22,9721,6,100.0,9050000,4.64,29528064,2352721660,3529784041
2025-05-28T13:29:23,9721,6,100.0,9050000,4.64,29528064,2352721660,3529784041
2025-05-28T13:29:24,9721,6,100.0,9050000,4.64,29528064,2352721660,3529784041
2025-05-28T13:29:25,9721,6,100.0,9050000,4.64,29528064,2352721660,3529784041
2025-05-28T13:29:26,9721,6,100.0,9050000,4.64,29528064,2352721660,3529784041
2025-05-28T13:29:27,9721,6,100.0,9050000,4.64,29528064,2352721660,3529784041
2025-05-28T13:29:28,9721,6,100.0,9050000,4.64,29528064,2352721660,3529784041
2025-05-28T13:29:29,9721,6,100.0,9050000,4.64,29528064,2352721660,3529784041
2025-05-28T13:29:30,9721,6,100.0,9050000,4.64,29528064,2352721660,3529784041
2025-05-28T13:29:31,9736,6,100.0,9050000,4.64,29528064,2356404711,3535283970
2025-05-28T13:29:32,9736,6,100.0,9050000,4.64,29528064,2356404711,3535283970
2025-05-28T13:29:33,9736,6,100.0,9050000,4.64,29528064,2356404711,3535283970
2025-05-28T13:29:34,9736,6,100.0,9050000,4.64,29528064,2356404711,3535283970
2025-05-28T13:29:35,9736,6,100.0,9050000,4.64,29528064,2356404711,3535283970
2025-05-28T13:29:36,9736,6,100.0,9050000,4.64,29528064,2356404711,3535283970
2025-05-28T13:29:37,9736,6,100.0,9050000,4.64,29528064,2356404711,3535283970
2025-05-28T13:29:38,9736,6,100.0,9050000,4.64,29528064,2356404711,3535283970
2025-05-28T13:29:39,9736,6,100.0,9050000,4.64,29528064,2356404711,3535283970
2025-05-28T13:29:40,9736,6,100.0,9050000,4.64,29528064,2356404711,3535283970
2025-05-28T13:29:41,9736,6,100.0,9050000,4.64,29528064,2356404711,3535283970
2025-05-28T13:29:42,9736,6,100.0,9050000,4.64,29528064,2356404711,3535283970
2025-05-28T13:29:43,9736,6,100.0,9050000,4.64,29528064,2356404711,3535283970
2025-05-28T13:29:44,9736,6,100.0,9050000,4.64,29528064,2356404711,3535283970
2025-05-28T13:29:45,9736,6,100.0,9050000,4.64,29528064,2356404711,3535283970
2025-05-28T13:29:46,9751,6,100.0,9050000,4.64,29528064,2360026718,3540722410
2025-05-28T13:29:47,9751,6,100.0,9050000,4.64,29528064,2360026718,3540722410
2025-05-28T13:29:48,9751,6,100.0,9050000,4.64,29528064,2360026718,3540722410
2025-05-28T13:29:49,9751,6,100.0,9050000,4.64,29528064,2360026718,3540722410
2025-05-28T13:29:50,9751,6,100.0,9050000,4.64,29528064,2360026718,3540722410
2025-05-28T13:29:51,9751,6,100.0,9050000,4.64,29528064,2360026718,3540722410
2025-05-28T13:29:52,9751,6,100.0,9050000,4.64,29528064,2360026718,3540722410
2025-05-28T13:29:53,9751,6,100.0,9050000,4.64,29528064,2360026718,3540722410
2025-05-28T13:29:54,9751,6,100.0,9050000,4.64,29528064,2360026718,3540722410
2025-05-28T13:29:55,9751,6,100.0,9050000,4.64,29528064,2360026718,3540722410
2025-05-28T13:29:56,9751,6,100.0,9050000,4.64,29528064,2360026718,3540722410
2025-05-28T13:29:57,9751,6,100.0,9050000,4.64,29528064,2360026718,3540722410
2025-05-28T13:29:58,9751,6,100.0,9050000,4.64,29528064,2360026718,3540722410
2025-05-28T13:29:59,9751,6,100.0,9050000,4.64,29528064,2360026718,3540722410
2025-05-28T13:30:00,9751,6,100.0,9050000,4.64,29528064,2360026718,3540722410
2025-05-28T13:30:01,9766,6,100.0,9050000,4.65,29564928,2363581948,3546094780
2025-05-28T13:30:02,9766,6,100.0,9050000,4.65,29564928,2363581948,3546094780
2025-05-28T13:30:03,9766,6,100.0,9050000,4.65,29564928,2363581948,3546094780
2025-05-28T13:30:04,9766,6,100.0,9050000,4.65,29564928,2363581948,3546094780
2025-05-28T13:30:05,9766,6,100.0,9050000,4.65,29564928,2363581948,3546094780
2025-05-28T13:30:06,9766,6,100.0,9050000,4.65,29564928,2363581948,3546094780
2025-05-28T13:30:07,9766,6,100.0,9050000,4.65,29564928,2363581948,3546094780
2025-05-28T13:30:08,9766,6,100.0,9050000,4.65,29564928,2363581948,3546094780
2025-05-28T13:30:09,9766,6,100.0,9050000,4.65,29564928,2363581948,3546094780
2025-05-28T13:30:10,9766,6,100.0,9050000,4.65,29564928,2363581948,3546094780
2025-05-28T13:30:11,9766,6,100.0,9050000,4.65,29564928,2363581948,3546094780
2025-05-28T13:30:12,9766,6,100.0,9050000,4.65,29564928,2363581948,3546094780
2025-05-28T13:30:13,9766,6,100.0,9050000,4.65,29564928,2363581948,3546094780
2025-05-28T13:30:14,9766,6,100.0,9050000,4.65,29564928,2363581948,3546094780
2025-05-28T13:30:15,9766,6,100.0,9050000,4.65,29564928,2363581948,3546094780
2025-05-28T13:30:16,9781,6,100.0,9050000,4.67,29544448,2367203584,3551533764
2025-05-28T13:30:17,9781,6,100.0,9050000,4.67,29544448,2367203584,3551533764
2025-05-28T13:30:18,9781,6,100.0,9050000,4.67,29544448,2367203584,3551533764
2025-05-28T13:30:19,9781,6,100.0,9050000,4.67,29544448,2367203584,3551533764
2025-05-28T13:30:20,9781,6,100.0,9050000,4.67,29544448,2367203584,3551533764
2025-05-28T13:30:21,9781,6,100.0,9050000,4.67,29544448,2367203584,3551533764
2025-05-28T13:30:22,9781,6,100.0,9050000,4.67,29544448,2367203584,3551533764
2025-05-28T13:30:23,9781,6,100.0,9050000,4.67,29544448,2367203584,3551533764
2025-05-28T13:30:24,9781,6,100.0,9050000,4.67,29544448,2367203584,3551533764
2025-05-28T13:30:25,9781,6,100.0,9050000,4.67,29544448,2367203584,3551533764
2025-05-28T13:30:26,9781,6,100.0,9050000,4.67,29544448,2367203584,3551533764
2025-05-28T13:30:27,9781,6,100.0,9050000,4.67,29544448,2367203584,3551533764
2025-05-28T13:30:28,9781,6,100.0,9050000,4.67,29544448,2367203584,3551533764
2025-05-28T13:30:29,9781,6,100.0,9050000,4.67,29544448,2367203584,3551533764
2025-05-28T13:30:30,9781,6,100.0,9050000,4.67,29544448,2367203584,3551533764
2025-05-28T13:30:31,9796,6,100.0,9050000,4.67,29814784,2370841704,3556988559
2025-05-28T13:30:32,9796,6,100.0,9050000,4.67,29814784,2370841704,3556988559
2025-05-28T13:30:33,9796,6,100.0,9050000,4.67,29814784,2370841704,3556988559
2025-05-28T13:30:34,9796,6,100.0,9050000,4.67,29814784,2370841704,3556988559
2025-05-28T13:30:35,9796,6,100.0,9050000,4.67,29814784,2370841704,3556988559
2025-05-28T13:30:36,9796,6,100.0,9050000,4.67,29814784,2370841704,3556988559
2025-05-28T13:30:37,9796,6,100.0,9050000,4.67,29814784,2370841704,3556988559
2025-05-28T13:30:38,9796,6,100.0,9050000,4.67,29814784,2370841704,3556988559
2025-05-28T13:30:39,9796,6,100.0,9050000,4.67,29814784,2370841704,3556988559
2025-05-28T13:30:40,9796,6,100.0,9050000,4.67,29814784,2370841704,3556988559
2025-05-28T13:30:41,9796,6,100.0,9050000,4.67,29814784,2370841704,3556988559
2025-05-28T13:30:42,9796,6,100.0,9050000,4.67,29814784,2370841704,3556988559
2025-05-28T13:30:43,9796,6,100.0,9050000,4.67,29814784,2370841704,3556988559
2025-05-28T13:30:44,9796,6,100.0,9050000,4.67,29814784,2370841704,3556988559
2025-05-28T13:30:45,9796,6,100.0,9050000,4.67,29814784,2370841704,3556988559
2025-05-28T13:30:46,9811,6,100.0,9050000,4.68,29814784,2374446651,3562410797
2025-05-28T13:30:47,9811,6,100.0,9050000,4.68,29814784,2374446651,3562410797
2025-05-28T13:30:48,9811,6,100.0,9050000,4.68,29814784,2374446651,3562410797
2025-05-28T13:30:49,9811,6,100.0,9050000,4.68,29814784,2374446651,3562410797
2025-05-28T13:30:50,9811,6,100.0,9050000,4.68,29814784,2374446651,3562410797
2025-05-28T13:30:51,9811,6,100.0,9050000,4.68,29814784,2374446651,3562410797
2025-05-28T13:30:52,9811,6,100.0,9050000,4.68,29814784,2374446651,3562410797
2025-05-28T13:30:53,9811,6,100.0,9050000,4.68,29814784,2374446651,3562410797
2025-05-28T13:30:54,9811,6,100.0,9050000,4.68,29814784,2374446651,3562410797
2025-05-28T13:30:55,9811,6,100.0,9050000,4.68,29814784,2374446651,3562410797
2025-05-28T13:30:56,9811,6,100.0,9050000,4.68,29814784,2374446651,3562410797
2025-05-28T13:30:57,9811,6,100.0,9050000,4.68,29814784,2374446651,3562410797
2025-05-28T13:30:58,9811,6,100.0,9050000,4.68,29814784,2374446651,3562410797
2025-05-28T13:30:59,9811,6,100.0,9050000,4.68,29814784,2374446651,3562410797
2025-05-28T13:31:00,9811,6,100.0,9050000,4.68,29814784,2374446651,3562410797
2025-05-28T13:31:01,9826,6,100.0,9050000,4.68,29814784,2378130171,3567910701
2025-05-28T13:31:02,9826,6,100.0,9050000,4.68,29814784,2378130171,3567910701
2025-05-28T13:31:03,9826,6,100.0,9050000,4.68,29814784,2378130171,3567910701
2025-05-28T13:31:04,9826,6,100.0,9050000,4.68,29814784,2378130171,3567910701
2025-05-28T13:31:05,9826,6,100.0,9050000,4.68,29814784,2378130171,3567910701
2025-05-28T13:31:06,9826,6,100.0,9050000,4.68,29814784,2378130171,3567910701
2025-05-28T13:31:07,9826,6,100.0,9050000,4.68,29814784,2378130171,3567910701
2025-05-28T13:31:08,9826,6,100.0,9050000,4.68,29814784,2378130171,3567910701
2025-05-28T13:31:09,9826,6,100.0,9050000,4.68,29814784,2378130171,3567910701
2025-05-28T13:31:10,9826,6,100.0,9050000,4.68,29814784,2378130171,3567910701
2025-05-28T13:31:11,9826,6,100.0,9050000,4.68,29814784,2378130171,3567910701
2025-05-28T13:31:12,9826,6,100.0,9050000,4.68,29814784,2378130171,3567910701
2025-05-28T13:31:13,9826,6,100.0,9050000,4.68,29814784,2378130171,3567910701
2025-05-28T13:31:14,9826,6,100.0,9050000,4.68,29814784,2378130171,3567910701
2025-05-28T13:31:15,9826,6,100.0,9050000,4.68,29814784,2378130171,3567910701
2025-05-28T13:31:16,9841,6,100.0,9050000,4.68,29814784,2381751790,3573349508
2025-05-28T13:31:17,9841,6,100.0,9050000,4.68,29814784,2381751790,3573349508
2025-05-28T13:31:18,9841,6,100.0,9050000,4.68,29814784,2381751790,3573349508
2025-05-28T13:31:19,9841,6,100.0,9050000,4.68,29814784,2381751790,3573349508
2025-05-28T13:31:20,9841,6,100.0,9050000,4.68,29814784,2381751790,3573349508
2025-05-28T13:31:21,9841,6,100.0,9050000,4.68,29814784,2381751790,3573349508
2025-05-28T13:31:22,9841,6,100.0,9050000,4.68,29814784,2381751790,3573349508
2025-05-28T13:31:23,9841,6,100.0,9050000,4.68,29814784,2381751790,3573349508
2025-05-28T13:31:24,9841,6,100.0,9050000,4.68,29814784,2381751790,3573349508
2025-05-28T13:31:25,9841,6,100.0,9050000,4.68,29814784,2381751790,3573349508
2025-05-28T13:31:26,9841,6,100.0,9050000,4.68,29814784,2381751790,3573349508
2025-05-28T13:31:27,9841,6,100.0,9050000,4.68,29814784,2381751790,3573349508
2025-05-28T13:31:28,9841,6,100.0,9050000,4.68,29814784,2381751790,3573349508
2025-05-28T13:31:29,9841,6,100.0,9050000,4.68,29814784,2381751790,3573349508
2025-05-28T13:31:30,9841,6,100.0,9050000,4.68,29814784,2381751790,3573349508
2025-05-28T13:31:31,9856,6,100.0,9050000,4.68,29814784,2385324541,3578739083
2025-05-28T13:31:32,9856,6,100.0,9050000,4.68,29814784,2385324541,3578739083
2025-05-28T13:31:33,9856,6,100.0,9050000,4.68,29814784,2385324541,3578739083
2025-05-28T13:31:34,9856,6,100.0,9050000,4.68,29814784,2385324541,3578739083
2025-05-28T13:31:35,9856,6,100.0,9050000,4.68,29814784,2385324541,3578739083
2025-05-28T13:31:36,9856,6,100.0,9050000,4.68,29814784,2385324541,3578739083
2025-05-28T13:31:37,9856,6,100.0,9050000,4.68,29814784,2385324541,3578739083
2025-05-28T13:31:38,9856,6,100.0,9050000,4.68,29814784,2385324541,3578739083
2025-05-28T13:31:39,9856,6,100.0,9050000,4.68,29814784,2385324541,3578739083
2025-05-28T13:31:40,9856,6,100.0,9050000,4.68,29814784,2385324541,3578739083
2025-05-28T13:31:41,9856,6,100.0,9050000,4.68,29814784,2385324541,3578739083
2025-05-28T13:31:42,9856,6,100.0,9050000,4.68,29814784,2385324541,3578739083
2025-05-28T13:31:43,9856,6,100.0,9050000,4.68,29814784,2385324541,3578739083
2025-05-28T13:31:44,9856,6,100.0,9050000,4.68,29814784,2385324541,3578739083
2025-05-28T13:31:45,9856,6,100.0,9050000,4.68,29814784,2385324541,3578739083
2025-05-28T13:31:46,9871,6,100.0,9050000,4.69,29814784,2388995525,3584227045
2025-05-28T13:31:47,9871,6,100.0,9050000,4.69,29814784,2388995525,3584227045
2025-05-28T13:31:48,9871,6,100.0,9050000,4.69,29814784,2388995525,3584227045
2025-05-28T13:31:49,9871,6,100.0,9050000,4.69,29814784,2388995525,3584227045
2025-05-28T13:31:50,9871,6,100.0,9050000,4.69,29814784,2388995525,3584227045
2025-05-28T13:31:51,9871,6,100.0,9050000,4.69,29814784,2388995525,3584227045
2025-05-28T13:31:52,9871,6,100.0,9050000,4.69,29814784,2388995525,3584227045
2025-05-28T13:31:53,9871,6,100.0,9050000,4.69,29814784,2388995525,3584227045
2025-05-28T13:31:54,9871,6,100.0,9050000,4.69,29814784,2388995525,3584227045
2025-05-28T13:31:55,9871,6,100.0,9050000,4.69,29814784,2388995525,3584227045
2025-05-28T13:31:56,9871,6,100.0,9050000,4.69,29814784,2388995525,3584227045
2025-05-28T13:31:57,9871,6,100.0,9050000,4.69,29814784,2388995525,3584227045
2025-05-28T13:31:58,9871,6,100.0,9050000,4.69,29814784,2388995525,3584227045
2025-05-28T13:31:59,9871,6,100.0,9050000,4.69,29814784,2388995525,3584227045
2025-05-28T13:32:00,9871,6,100.0,9050000,4.69,29814784,2388995525,3584227045
2025-05-28T13:32:01,9886,6,100.0,9050000,4.7,29638656,2392616346,3589665156
2025-05-28T13:32:02,9886,6,100.0,9050000,4.7,29638656,2392616346,3589665156
2025-05-28T13:32:03,9886,6,100.0,9050000,4.7,29638656,2392616346,3589665156
2025-05-28T13:32:04,9886,6,100.0,9050000,4.7,29638656,2392616346,3589665156
2025-05-28T13:32:05,9886,6,100.0,9050000,4.7,29638656,2392616346,3589665156
2025-05-28T13:32:06,9886,6,100.0,9050000,4.7,29638656,2392616346,3589665156
2025-05-28T13:32:07,9886,6,100.0,9050000,4.7,29638656,2392616346,3589665156
2025-05-28T13:32:08,9886,6,100.0,9050000,4.7,29638656,2392616346,3589665156
2025-05-28T13:32:09,9886,6,100.0,9050000,4.7,29638656,2392616346,3589665156
2025-05-28T13:32:10,9886,6,100.0,9050000,4.7,29638656,2392616346,3589665156
2025-05-28T13:32:11,9886,6,100.0,9050000,4.7,29638656,2392616346,3589665156
2025-05-28T13:32:12,9886,6,100.0,9050000,4.7,29638656,2392616346,3589665156
2025-05-28T13:32:13,9886,6,100.0,9050000,4.7,29638656,2392616346,3589665156
2025-05-28T13:32:14,9886,6,100.0,9050000,4.7,29638656,2392616346,3589665156
2025-05-28T13:32:15,9886,6,100.0,9050000,4.7,29638656,2392616346,3589665156
2025-05-28T13:32:16,9901,6,100.0,9050000,4.71,29638656,2396237778,3595103753
2025-05-28T13:32:17,9901,6,100.0,9050000,4.71,29638656,2396237778,3595103753
2025-05-28T13:32:18,9901,6,100.0,9050000,4.71,29638656,2396237778,3595103753
2025-05-28T13:32:19,9901,6,100.0,9050000,4.71,29638656,2396237778,3595103753
2025-05-28T13:32:20,9901,6,100.0,9050000,4.71,29638656,2396237778,3595103753
2025-05-28T13:32:21,9901,6,100.0,9050000,4.71,29638656,2396237778,3595103753
2025-05-28T13:32:22,9901,6,100.0,9050000,4.71,29638656,2396237778,3595103753
2025-05-28T13:32:23,9901,6,100.0,9050000,4.71,29638656,2396237778,3595103753
2025-05-28T13:32:24,9901,6,100.0,9050000,4.71,29638656,2396237778,3595103753
2025-05-28T13:32:25,9901,6,100.0,9050000,4.71,29638656,2396237778,3595103753
2025-05-28T13:32:26,9901,6,100.0,9050000,4.71,29638656,2396237778,3595103753
2025-05-28T13:32:27,9901,6,100.0,9050000,4.71,29638656,2396237778,3595103753
2025-05-28T13:32:28,9901,6,100.0,9050000,4.71,29638656,2396237778,3595103753
2025-05-28T13:32:29,9901,6,100.0,9050000,4.71,29638656,2396237778,3595103753
2025-05-28T13:32:30,9901,6,100.0,9050000,4.71,29638656,2396237778,3595103753
2025-05-28T13:32:31,9916,6,100.0,9050000,4.71,29638656,2399859357,3600542163
2025-05-28T13:32:32,9916,6,100.0,9050000,4.71,29638656,2399859357,3600542163
2025-05-28T13:32:33,9916,6,100.0,9050000,4.71,29638656,2399859357,3600542163
2025-05-28T13:32:34,9916,6,100.0,9050000,4.71,29638656,2399859357,3600542163
2025-05-28T13:32:35,9916,6,100.0,9050000,4.71,29638656,2399859357,3600542163
2025-05-28T13:32:36,9916,6,100.0,9050000,4.71,29638656,2399859357,3600542163
2025-05-28T13:32:37,9916,6,100.0,9050000,4.71,29638656,2399859357,3600542163
2025-05-28T13:32:38,9916,6,100.0,9050000,4.71,29638656,2399859357,3600542163
2025-05-28T13:32:39,9916,6,100.0,9050000,4.71,29638656,2399859357,3600542163
2025-05-28T13:32:40,9916,6,100.0,9050000,4.71,29638656,2399859357,3600542163
2025-05-28T13:32:41,9916,6,100.0,9050000,4.71,29638656,2399859357,3600542163
2025-05-28T13:32:42,9916,6,100.0,9050000,4.71,29638656,2399859357,3600542163
2025-05-28T13:32:43,9916,6,100.0,9050000,4.71,29638656,2399859357,3600542163
2025-05-28T13:32:44,9916,6,100.0,9050000,4.71,29638656,2399859357,3600542163
2025-05-28T13:32:45,9916,6,100.0,9050000,4.71,29638656,2399859357,3600542163
2025-05-28T13:32:46,9931,6,100.0,9050000,4.72,29638656,2403288353,3605853578
2025-05-28T13:32:47,9931,6,100.0,9050000,4.72,29638656,2403288353,3605853578
2025-05-28T13:32:48,9931,6,100.0,9050000,4.72,29638656,2403288353,3605853578
2025-05-28T13:32:49,9931,6,100.0,9050000,4.72,29638656,2403288353,3605853578
2025-05-28T13:32:50,9931,6,100.0,9050000,4.72,29638656,2403288353,3605853578
2025-05-28T13:32:51,9931,6,100.0,9050000,4.72,29638656,2403288353,3605853578
2025-05-28T13:32:52,9931,6,100.0,9050000,4.72,29638656,2403288353,3605853578
2025-05-28T13:32:53,9931,6,100.0,9050000,4.72,29638656,2403288353,3605853578
2025-05-28T13:32:54,9931,6,100.0,9050000,4.72,29638656,2403288353,3605853578
2025-05-28T13:32:55,9931,6,100.0,9050000,4.72,29638656,2403288353,3605853578
2025-05-28T13:32:56,9931,6,100.0,9050000,4.72,29638656,2403288353,3605853578
2025-05-28T13:32:57,9931,6,100.0,9050000,4.72,29638656,2403288353,3605853578
2025-05-28T13:32:58,9931,6,100.0,9050000,4.72,29638656,2403288353,3605853578
2025-05-28T13:32:59,9931,6,100.0,9050000,4.72,29638656,2403288353,3605853578
2025-05-28T13:33:00,9931,6,100.0,9050000,4.72,29638656,2403288353,3605853578
2025-05-28T13:33:01,9946,6,100.0,9050000,4.72,29638656,2407052157,3611369556
2025-05-28T13:33:02,9946,6,100.0,9050000,4.72,29638656,2407052157,3611369556
2025-05-28T13:33:03,9946,6,100.0,9050000,4.72,29638656,2407052157,3611369556
2025-05-28T13:33:04,9946,6,100.0,9050000,4.72,29638656,2407052157,3611369556
2025-05-28T13:33:05,9946,6,100.0,9050000,4.72,29638656,2407052157,3611369556
2025-05-28T13:33:06,9946,6,100.0,9050000,4.72,29638656,2407052157,3611369556
2025-05-28T13:33:07,9946,6,100.0,9050000,4.72,29638656,2407052157,3611369556
2025-05-28T13:33:08,9946,6,100.0,9050000,4.72,29638656,2407052157,3611369556
2025-05-28T13:33:09,9946,6,100.0,9050000,4.72,29638656,2407052157,3611369556
2025-05-28T13:33:10,9946,6,100.0,9050000,4.72,29638656,2407052157,3611369556
2025-05-28T13:33:11,9946,6,100.0,9050000,4.72,29638656,2407052157,3611369556
2025-05-28T13:33:12,9946,6,100.0,9050000,4.72,29638656,2407052157,3611369556
2025-05-28T13:33:13,9946,6,100.0,9050000,4.72,29638656,2407052157,3611369556
2025-05-28T13:33:14,9946,6,100.0,9050000,4.72,29638656,2407052157,3611369556
2025-05-28T13:33:15,9946,6,100.0,9050000,4.72,29638656,2407052157,3611369556
2025-05-28T13:33:16,9961,6,100.0,9050000,4.72,29638656,2410678415,3616811966
2025-05-28T13:33:17,9961,6,100.0,9050000,4.72,29638656,2410678415,3616811966
2025-05-28T13:33:18,9961,6,100.0,9050000,4.72,29638656,2410678415,3616811966
2025-05-28T13:33:19,9961,6,100.0,9050000,4.72,29638656,2410678415,3616811966
2025-05-28T13:33:20,9961,6,100.0,9050000,4.72,29638656,2410678415,3616811966
2025-05-28T13:33:21,9961,6,100.0,9050000,4.72,29638656,2410678415,3616811966
2025-05-28T13:33:22,9961,6,100.0,9050000,4.72,29638656,2410678415,3616811966
2025-05-28T13:33:23,9961,6,100.0,9050000,4.72,29638656,2410678415,3616811966
2025-05-28T13:33:24,9961,6,100.0,9050000,4.72,29638656,2410678415,3616811966
2025-05-28T13:33:25,9961,6,100.0,9050000,4.72,29638656,2410678415,3616811966
2025-05-28T13:33:26,9961,6,100.0,9050000,4.72,29638656,2410678415,3616811966
2025-05-28T13:33:27,9961,6,100.0,9050000,4.72,29638656,2410678415,3616811966
2025-05-28T13:33:28,9961,6,100.0,9050000,4.72,29638656,2410678415,3616811966
2025-05-28T13:33:29,9961,6,100.0,9050000,4.72,29638656,2410678415,3616811966
2025-05-28T13:33:30,9961,6,100.0,9050000,4.72,29638656,2410678415,3616811966
2025-05-28T13:33:31,9976,6,100.0,9050000,4.72,29638656,2414342068,3622293671
2025-05-28T13:33:32,9976,6,100.0,9050000,4.72,29638656,2414342068,3622293671
2025-05-28T13:33:33,9976,6,100.0,9050000,4.72,29638656,2414342068,3622293671
2025-05-28T13:33:34,9976,6,100.0,9050000,4.72,29638656,2414342068,3622293671
2025-05-28T13:33:35,9976,6,100.0,9050000,4.72,29638656,2414342068,3622293671
2025-05-28T13:33:36,9976,6,100.0,9050000,4.72,29638656,2414342068,3622293671
2025-05-28T13:33:37,9976,6,100.0,9050000,4.72,29638656,2414342068,3622293671
2025-05-28T13:33:38,9976,6,100.0,9050000,4.72,29638656,2414342068,3622293671
2025-05-28T13:33:39,9976,6,100.0,9050000,4.72,29638656,2414342068,3622293671
2025-05-28T13:33:40,9976,6,100.0,9050000,4.72,29638656,2414342068,3622293671
2025-05-28T13:33:41,9976,6,100.0,9050000,4.72,29638656,2414342068,3622293671
2025-05-28T13:33:42,9976,6,100.0,9050000,4.72,29638656,2414342068,3622293671
2025-05-28T13:33:43,9976,6,100.0,9050000,4.72,29638656,2414342068,3622293671
2025-05-28T13:33:44,9976,6,100.0,9050000,4.72,29638656,2414342068,3622293671
2025-05-28T13:33:45,9976,6,100.0,9050000,4.72,29638656,2414342068,3622293671
2025-05-28T13:33:46,9991,6,100.0,9050000,4.73,29638656,2417918424,3627686957
2025-05-28T13:33:47,9991,6,100.0,9050000,4.73,29638656,2417918424,3627686957
2025-05-28T13:33:48,9991,6,100.0,9050000,4.73,29638656,2417918424,3627686957
2025-05-28T13:33:49,9991,6,100.0,9050000,4.73,29638656,2417918424,3627686957
2025-05-28T13:33:50,9991,6,100.0,9050000,4.73,29638656,2417918424,3627686957
2025-05-28T13:33:51,9991,6,100.0,9050000,4.73,29638656,2417918424,3627686957
2025-05-28T13:33:52,9991,6,100.0,9050000,4.73,29638656,2417918424,3627686957
2025-05-28T13:33:53,9991,6,100.0,9050000,4.73,29638656,2417918424,3627686957
2025-05-28T13:33:54,9991,6,100.0,9050000,4.73,29638656,2417918424,3627686957
2025-05-28T13:33:55,9991,6,100.0,9050000,4.73,29638656,2417918424,3627686957
2025-05-28T13:33:56,9991,6,100.0,9050000,4.73,29638656,2417918424,3627686957
2025-05-28T13:33:57,9991,6,100.0,9050000,4.73,29638656,2417918424,3627686957
2025-05-28T13:33:58,9991,6,100.0,9050000,4.73,29638656,2417918424,3627686957
2025-05-28T13:33:59,9991,6,100.0,9050000,4.73,29638656,2417918424,3627686957
2025-05-28T13:34:00,9991,6,100.0,9050000,4.73,29638656,2417918424,3627686957
2025-05-28T13:34:01,10006,6,100.0,9050000,4.74,29589504,2421585340,3633170752
2025-05-28T13:34:02,10006,6,100.0,9050000,4.74,29589504,2421585340,3633170752
2025-05-28T13:34:03,10006,6,100.0,9050000,4.74,29589504,2421585340,3633170752
2025-05-28T13:34:04,10006,6,100.0,9050000,4.74,29589504,2421585340,3633170752
2025-05-28T13:34:05,10006,6,100.0,9050000,4.74,29589504,2421585340,3633170752
2025-05-28T13:34:06,10006,6,100.0,9050000,4.74,29589504,2421585340,3633170752
2025-05-28T13:34:07,10006,6,100.0,9050000,4.74,29589504,2421585340,3633170752
2025-05-28T13:34:08,10006,6,100.0,9050000,4.74,29589504,2421585340,3633170752
2025-05-28T13:34:09,10006,6,100.0,9050000,4.74,29589504,2421585340,3633170752
2025-05-28T13:34:10,10006,6,100.0,9050000,4.74,29589504,2421585340,3633170752
2025-05-28T13:34:11,10006,6,100.0,9050000,4.74,29589504,2421585340,3633170752
2025-05-28T13:34:12,10006,6,100.0,9050000,4.74,29589504,2421585340,3633170752
2025-05-28T13:34:13,10006,6,100.0,9050000,4.74,29589504,2421585340,3633170752
2025-05-28T13:34:14,10006,6,100.0,9050000,4.74,29589504,2421585340,3633170752
2025-05-28T13:34:15,10006,6,100.0,9050000,4.74,29589504,2421585340,3633170752
2025-05-28T13:34:16,10021,6,100.0,9050000,4.75,29589504,2425161634,3638563877
2025-05-28T13:34:17,10021,6,100.0,9050000,4.75,29589504,2425161634,3638563877
2025-05-28T13:34:18,10021,6,100.0,9050000,4.75,29589504,2425161634,3638563877
2025-05-28T13:34:19,10021,6,100.0,9050000,4.75,29589504,2425161634,3638563877
2025-05-28T13:34:20,10021,6,100.0,9050000,4.75,29589504,2425161634,3638563877
2025-05-28T13:34:21,10021,6,100.0,9050000,4.75,29589504,2425161634,3638563877
2025-05-28T13:34:22,10021,6,100.0,9050000,4.75,29589504,2425161634,3638563877
2025-05-28T13:34:23,10021,6,100.0,9050000,4.75,29589504,2425161634,3638563877
2025-05-28T13:34:24,10021,6,100.0,9050000,4.75,29589504,2425161634,3638563877
2025-05-28T13:34:25,10021,6,100.0,9050000,4.75,29589504,2425161634,3638563877
2025-05-28T13:34:26,10021,6,100.0,9050000,4.75,29589504,2425161634,3638563877
2025-05-28T13:34:27,10021,6,100.0,9050000,4.75,29589504,2425161634,3638563877
2025-05-28T13:34:28,10021,6,100.0,9050000,4.75,29589504,2425161634,3638563877
2025-05-28T13:34:29,10021,6,100.0,9050000,4.75,29589504,2425161634,3638563877
2025-05-28T13:34:30,10021,6,100.0,9050000,4.75,29589504,2425161634,3638563877
2025-05-28T13:34:31,10036,6,100.0,9050000,4.75,29589504,2428828615,3644047536
2025-05-28T13:34:32,10036,6,100.0,9050000,4.75,29589504,2428828615,3644047536
2025-05-28T13:34:33,10036,6,100.0,9050000,4.75,29589504,2428828615,3644047536
2025-05-28T13:34:34,10036,6,100.0,9050000,4.75,29589504,2428828615,3644047536
2025-05-28T13:34:35,10036,6,100.0,9050000,4.75,29589504,2428828615,3644047536
2025-05-28T13:34:36,10036,6,100.0,9050000,4.75,29589504,2428828615,3644047536
2025-05-28T13:34:37,10036,6,100.0,9050000,4.75,29589504,2428828615,3644047536
2025-05-28T13:34:38,10036,6,100.0,9050000,4.75,29589504,2428828615,3644047536
2025-05-28T13:34:39,10036,6,100.0,9050000,4.75,29589504,2428828615,3644047536
2025-05-28T13:34:40,10036,6,100.0,9050000,4.75,29589504,2428828615,3644047536
2025-05-28T13:34:41,10036,6,100.0,9050000,4.75,29589504,2428828615,3644047536
2025-05-28T13:34:42,10036,6,100.0,9050000,4.75,29589504,2428828615,3644047536
2025-05-28T13:34:43,10036,6,100.0,9050000,4.75,29589504,2428828615,3644047536
2025-05-28T13:34:44,10036,6,100.0,9050000,4.75,29589504,2428828615,3644047536
2025-05-28T13:34:45,10036,6,100.0,9050000,4.75,29589504,2428828615,3644047536
2025-05-28T13:34:46,10051,6,100.0,9050000,4.75,29589504,2432450051,3649486036
2025-05-28T13:34:47,10051,6,100.0,9050000,4.75,29589504,2432450051,3649486036
2025-05-28T13:34:48,10051,6,100.0,9050000,4.75,29589504,2432450051,3649486036
2025-05-28T13:34:49,10051,6,100.0,9050000,4.75,29589504,2432450051,3649486036
2025-05-28T13:34:50,10051,6,100.0,9050000,4.75,29589504,2432450051,3649486036
2025-05-28T13:34:51,10051,6,100.0,9050000,4.75,29589504,2432450051,3649486036
2025-05-28T13:34:52,10051,6,100.0,9050000,4.75,29589504,2432450051,3649486036
2025-05-28T13:34:53,10051,6,100.0,9050000,4.75,29589504,2432450051,3649486036
2025-05-28T13:34:54,10051,6,100.0,9050000,4.75,29589504,2432450051,3649486036
2025-05-28T13:34:55,10051,6,100.0,9050000,4.75,29589504,2432450051,3649486036
2025-05-28T13:34:56,10051,6,100.0,9050000,4.75,29589504,2432450051,3649486036
2025-05-28T13:34:57,10051,6,100.0,9050000,4.75,29589504,2432450051,3649486036
2025-05-28T13:34:58,10051,6,100.0,9050000,4.75,29589504,2432450051,3649486036
2025-05-28T13:34:59,10051,6,100.0,9050000,4.75,29589504,2432450051,3649486036
2025-05-28T13:35:00,10051,6,100.0,9050000,4.75,29589504,2432450051,3649486036
2025-05-28T13:35:01,10066,6,100.0,9050000,4.76,29589504,2436072007,3654924307
2025-05-28T13:35:02,10066,6,100.0,9050000,4.76,29589504,2436072007,3654924307
2025-05-28T13:35:03,10066,6,100.0,9050000,4.76,29589504,2436072007,3654924307
2025-05-28T13:35:04,10066,6,100.0,9050000,4.76,29589504,2436072007,3654924307
2025-05-28T13:35:05,10066,6,100.0,9050000,4.76,29589504,2436072007,3654924307
2025-05-28T13:35:06,10066,6,100.0,9050000,4.76,29589504,2436072007,3654924307
2025-05-28T13:35:07,10066,6,100.0,9050000,4.76,29589504,2436072007,3654924307
